method,circuit,resynthesis,error,max_depth,one_tree_per_output,mred,v_mred,med,v_med,hd,v_hd,wce,v_wce,time,area
decision_tree,DTree,False,,3,False,0.767,0.759,4.333,4.357,0.83,0.831,16,16,5.229132276999962,0.008550488599348535
decision_tree,DTree,False,,3,True,0.767,0.759,4.334,4.358,0.829,0.83,16,16,11.104245938000076,0.008550488599348535
decision_tree,DTree,True,,3,False,0.767,0.759,4.333,4.357,0.83,0.831,16,16,5.675723860000062,0.008550488599348535
decision_tree,DTree,True,,3,True,0.767,0.759,4.334,4.358,0.829,0.83,16,16,11.174401164000074,0.008550488599348535
decision_tree,DTree,False,,5,False,0.626,0.627,3.311,3.34,0.699,0.704,16,16,7.090931668999929,0.05333876221498371
decision_tree,DTree,False,,5,True,0.718,0.726,3.341,3.378,0.679,0.683,24,24,15.478992431000052,0.058631921824104226
decision_tree,DTree,True,,5,False,0.626,0.627,3.311,3.34,0.699,0.704,16,16,7.424219613999867,0.0504885993485342
decision_tree,DTree,True,,5,True,0.718,0.726,3.341,3.378,0.679,0.683,24,24,15.058015554999884,0.052524429967426706
decision_tree,DTree,False,,8,False,0.548,0.549,2.448,2.45,0.511,0.517,16,16,11.540323327999886,0.36685667752442996
decision_tree,DTree,False,,8,True,0.65,0.651,2.226,2.249,0.467,0.474,28,27,21.648774530999845,0.38314332247557004
decision_tree,DTree,True,,8,False,0.548,0.549,2.448,2.45,0.511,0.517,16,16,11.060300945000108,0.3517915309446254
decision_tree,DTree,True,,8,True,0.65,0.651,2.226,2.249,0.467,0.474,28,27,21.544414253000014,0.388843648208469
decision_tree,DTree,False,,10,False,0.442,0.456,1.817,1.864,0.394,0.407,16,16,20.04410259799988,1.138843648208469
decision_tree,DTree,False,,10,True,0.451,0.459,1.62,1.664,0.344,0.359,27,27,33.77377531000002,1.206840390879479
decision_tree,DTree,True,,10,False,0.442,0.456,1.817,1.864,0.394,0.407,16,16,20.60198974700006,1.1282573289902278
decision_tree,DTree,True,,10,True,0.451,0.46,1.621,1.667,0.344,0.36,27,27,33.79877693499998,1.2003257328990227
decision_tree,barshift_128b,False,,3,False,3.318,2.97,1.2888932117137211e+38,1.3021575352363152e+38,62.529,63.28,339884237205627519279091428189913353103,340029341390092399662931046260213767858,90.48770318900006,0.04514022281982328
decision_tree,barshift_128b,False,,3,True,3.484,3.904,1.0914438657499547e+38,1.1172405660103613e+38,60.79,63.309,339181230795285689323884406025175281292,332775091909080696489557676317429074983,17.846587262999947,0.21926623127160969
decision_tree,barshift_128b,True,,3,False,3.318,2.97,1.2888932117137211e+38,1.3021575352363152e+38,62.529,63.28,339884237205627519279091428189913353103,340029341390092399662931046260213767858,87.27461660400013,0.044467921628889746
decision_tree,barshift_128b,True,,3,True,3.484,3.904,1.0914438657499547e+38,1.1172405660103613e+38,60.79,63.309,339181230795285689323884406025175281292,332775091909080696489557676317429074983,18.447533214000032,0.2139838647714176
decision_tree,barshift_128b,False,,5,False,3.313,3.402,1.1564338170435437e+38,1.1690456490779898e+38,61.303,63.037,338293265361392452602395937914367653120,339966541706314633908941486321233556144,11.41501148400016,0.4045332308874376
decision_tree,barshift_128b,False,,5,True,3.195,3.428,1.0569334238628487e+38,1.1224283665017285e+38,57.981,63.13,334071596369491357318034910624775931679,336593604255834240757374174015643967487,41.04624736699998,1.2357856319631195
decision_tree,barshift_128b,True,,5,False,3.313,3.402,1.1564338170435437e+38,1.1690456490779898e+38,61.303,63.037,338293265361392452602395937914367653120,339966541706314633908941486321233556144,12.124512844000037,0.38772570111409915
decision_tree,barshift_128b,True,,5,True,3.195,3.428,1.0569334238628487e+38,1.1224283665017285e+38,57.981,63.137,334071596369491357318034910624775931679,336593604255834240757950634767947390975,44.43957100200032,1.2361698040722244
decision_tree,barshift_128b,False,,8,False,2.976,3.502,1.0494619275280574e+38,1.1064153854426153e+38,56.932,62.577,339047900852478684506502108943372328019,336585293748794558196286104840109049660,100.57695334799973,3.9919323857087976
decision_tree,barshift_128b,False,,8,True,2.6,4.176,9.261615038574409e+37,1.111767965847801e+38,48.111,63.28,331556541861450650995580019693605337216,337890424028627652380818577146379723674,375.6591031040002,10.179216288897427
decision_tree,barshift_128b,True,,8,False,2.976,3.502,1.0494619275280574e+38,1.1064153854426153e+38,56.932,62.577,339047900852478684506502108943372328019,336585293748794558196286104840109049660,114.29272041800004,3.919611986169804
decision_tree,barshift_128b,True,,8,True,2.6,4.164,9.260071654244657e+37,1.1124796118531398e+38,48.112,63.279,331556541861450650995580019693605337216,337890424028627652380818577146379723674,438.8020188729997,10.129658086822898
decision_tree,barshift_128b,False,,10,False,2.915,3.306,9.745994331855623e+37,1.1070593950660342e+38,50.446,62.119,335069371428624890484264911869750182847,335937086106131181731796430254438882485,665.0212299160003,15.837975412985017
decision_tree,barshift_128b,False,,10,True,1.732,4.532,7.05123030997648e+37,1.1193295528585663e+38,33.506,63.556,330158583432022147758583147308951666748,337768808163147396205844956633890843583,2718.4836330440003,36.21206300422589
decision_tree,barshift_128b,True,,10,False,2.915,3.306,9.745994331855623e+37,1.1070593950660342e+38,50.446,62.119,335069371428624890484264911869750182847,335937086106131181731796430254438882485,803.7151473579997,15.654533230887438
decision_tree,barshift_128b,True,,10,True,1.703,4.504,7.055343311407432e+37,1.126192850784193e+38,33.503,63.522,330158584521718867339538043023615197244,337768808163147396722281697919314717631,3401.2188121050003,35.903860929696506
decision_tree,sobel,False,,3,False,0.51,0.51,42.035,42.378,1.963,1.986,253,253,1.3474311159989156,0.005869200670765791
decision_tree,sobel,False,,3,True,0.51,0.51,42.033,42.369,1.961,1.976,253,252,2.1751364869996905,0.008384572386808273
decision_tree,sobel,True,,3,False,0.51,0.51,42.035,42.378,1.963,1.986,253,253,1.5753586190003261,0.005869200670765791
decision_tree,sobel,True,,3,True,0.51,0.51,42.033,42.369,1.961,1.976,253,252,2.38105602700125,0.007266629401900503
decision_tree,sobel,False,,5,False,0.51,0.51,42.021,42.379,1.949,1.987,253,253,1.7405787410007179,0.041922861934041364
decision_tree,sobel,False,,5,True,0.51,0.51,42.02,42.37,1.948,1.978,253,252,2.9703754900001513,0.036892118501956395
decision_tree,sobel,True,,5,False,0.51,0.51,42.021,42.379,1.949,1.987,253,253,2.0037645249994966,0.041922861934041364
decision_tree,sobel,True,,5,True,0.51,0.51,42.02,42.37,1.948,1.978,253,252,3.1996591740007716,0.036892118501956395
decision_tree,sobel,False,,8,False,0.509,0.51,41.973,42.375,1.901,1.983,253,252,3.9590185380002367,0.295975405254332
decision_tree,sobel,False,,8,True,0.509,0.51,41.972,42.371,1.9,1.979,253,252,5.928292736000003,0.29960871995528227
decision_tree,sobel,True,,8,False,0.509,0.51,41.973,42.375,1.901,1.983,253,252,4.410872678001397,0.29038569032979317
decision_tree,sobel,True,,8,True,0.509,0.51,41.972,42.37,1.9,1.978,253,252,6.3643110539997,0.2926215762996087
decision_tree,sobel,False,,10,False,0.505,0.509,41.547,42.442,1.827,2.023,253,253,13.789114077000704,1.4021799888205702
decision_tree,sobel,False,,10,True,0.481,0.505,40.167,43.632,1.788,2.188,253,252,30.096988815999794,2.702068194522079
decision_tree,sobel,True,,10,False,0.505,0.509,41.547,42.442,1.827,2.023,253,253,15.27712844800044,1.3923979877026271
decision_tree,sobel,True,,10,True,0.481,0.505,40.167,43.647,1.788,2.188,253,252,33.049803642999905,2.6956400223588597
decision_tree,BK_32b,False,,3,False,0.218,0.218,741753749.105,747082451.677,15.798,15.886,2720429015,2719962398,21.86395714199898,0.24167459562321597
decision_tree,BK_32b,False,,3,True,0.477,0.476,1500954154.579,1508348394.915,15.932,16.13,5273853000,5307202350,32.49692076900101,0.665080875356803
decision_tree,BK_32b,True,,3,False,0.218,0.218,741753749.105,747082451.677,15.798,15.886,2720429015,2719962398,22.965999006000857,0.23215984776403426
decision_tree,BK_32b,True,,3,True,0.477,0.476,1500954154.579,1508348394.915,15.932,16.13,5273853000,5307202350,32.924183696999535,0.6622264509990485
decision_tree,BK_32b,False,,5,False,0.125,0.125,409506419.852,410618666.051,15.291,15.43,1597330508,1569705344,25.95953337300125,1.313986679352997
decision_tree,BK_32b,False,,5,True,0.451,0.453,1429385454.902,1442280370.622,15.55,15.904,4797859001,4720694650,74.43005480600004,3.3748810656517603
decision_tree,BK_32b,True,,5,False,0.125,0.125,409506419.852,410618666.051,15.291,15.43,1597330508,1569705344,23.977256136000506,1.2568981921979068
decision_tree,BK_32b,True,,5,True,0.451,0.453,1429385454.902,1442280370.622,15.55,15.904,4797859001,4720694650,74.7177415719998,3.4300666032350144
decision_tree,BK_32b,False,,8,False,0.047,0.048,142489935.066,144374133.13,14.563,14.98,2209779369,2215041467,98.55874871700144,7.8011417697431025
decision_tree,BK_32b,False,,8,True,0.43,0.445,1343619639.997,1404733379.318,13.816,14.783,4491836470,4507874735,503.09778091099906,24.950523311132255
decision_tree,BK_32b,True,,8,False,0.047,0.048,142489935.066,144374133.13,14.563,14.98,2209779369,2215041467,90.44173116099955,7.564224548049476
decision_tree,BK_32b,True,,8,True,0.43,0.445,1343609008.835,1404722262.409,13.816,14.783,4491836470,4507874735,464.692425059,24.953377735490008
decision_tree,BK_32b,False,,10,False,0.026,0.026,86249711.964,88145973.617,13.692,14.484,4402824762,4388789709,400.80105867400016,25.847764034253093
decision_tree,BK_32b,False,,10,True,0.394,0.435,1228018670.308,1354031767.385,12.143,13.973,4404478528,4395804319,1790.9417537619993,84.55566127497622
decision_tree,BK_32b,True,,10,False,0.026,0.026,86249711.964,88145973.617,13.692,14.484,4402824762,4388789709,390.5168075339989,25.354900095147478
decision_tree,BK_32b,True,,10,True,0.394,0.435,1228020203.825,1354071534.657,12.145,13.974,4404478528,4395802271,1828.0984230470021,84.61084681255947
decision_tree,KS_32b,False,,3,False,0.276,0.276,839779990.772,841413347.802,15.798,15.877,3069202545,3069005739,13.485860518001573,0.18181818181818182
decision_tree,KS_32b,False,,3,True,0.491,0.493,1525863609.894,1531066980.816,15.777,15.978,5294099977,5275005785,26.3057484489982,0.5523300229182582
decision_tree,KS_32b,True,,3,False,0.276,0.276,839779990.772,841413347.802,15.798,15.877,3069202545,3069005739,16.371908507000626,0.17723453017570664
decision_tree,KS_32b,True,,3,True,0.491,0.493,1525863609.894,1531066980.816,15.777,15.978,5294099977,5275005785,26.359927854002308,0.5401069518716578
decision_tree,KS_32b,False,,5,False,0.13,0.13,389320807.938,389483744.544,15.271,15.419,1578784920,1534395413,19.500504786999954,1.0366692131398014
decision_tree,KS_32b,False,,5,True,0.469,0.474,1440826407.362,1459027161.186,15.215,15.615,4775471961,4796305058,58.05835288399976,2.712757830404889
decision_tree,KS_32b,True,,5,False,0.13,0.13,389320807.938,389483744.544,15.271,15.419,1578784920,1534395413,19.916707362001034,1.0221543162719633
decision_tree,KS_32b,True,,5,True,0.469,0.474,1440826407.362,1459027161.186,15.215,15.615,4775471961,4796305058,59.44777233499917,2.692131398013751
decision_tree,KS_32b,False,,8,False,0.049,0.05,142135841.037,147008652.055,14.508,14.966,2276820354,2267665660,85.73540068100192,6.385026737967914
decision_tree,KS_32b,False,,8,True,0.429,0.456,1336562529.782,1408315075.455,13.58,14.674,4522510405,4500336727,379.9224829039995,19.82200152788388
decision_tree,KS_32b,True,,8,False,0.049,0.05,142135841.037,147008652.055,14.508,14.966,2276820354,2267665660,75.45988494500125,6.055003819709702
decision_tree,KS_32b,True,,8,True,0.429,0.456,1336675616.074,1408401096.799,13.58,14.674,4522510405,4500336727,392.2368944769987,19.834988540870896
decision_tree,KS_32b,False,,10,False,0.024,0.025,78911948.389,80443465.945,13.6,14.464,4335769662,4328270030,365.7662132709993,20.888464476699774
decision_tree,KS_32b,False,,10,True,0.393,0.44,1218873552.563,1358333983.956,11.886,13.954,4368490672,4367974722,1575.7114141109996,67.72574484339191
decision_tree,KS_32b,True,,10,False,0.024,0.025,78911948.389,80443465.945,13.6,14.464,4335769662,4328270030,353.37003758100036,20.543162719633308
decision_tree,KS_32b,True,,10,True,0.393,0.44,1218742030.048,1358507066.536,11.885,13.95,4368490672,4367974722,1541.593720585999,67.04354469060353
decision_tree,CLA_16b,False,,3,False,0.234,0.241,10016.889,10055.442,7.849,7.889,35736,35704,11.027576115000556,0.2959558823529412
decision_tree,CLA_16b,False,,3,True,0.454,0.459,23225.924,23253.576,7.937,8.012,80011,79966,20.39492588700159,0.6599264705882353
decision_tree,CLA_16b,True,,3,False,0.234,0.241,10016.889,10055.442,7.849,7.889,35736,35704,10.799729381000361,0.29963235294117646
decision_tree,CLA_16b,True,,3,True,0.454,0.459,23225.924,23253.576,7.937,8.012,80011,79966,21.40033547100029,0.6654411764705882
decision_tree,CLA_16b,False,,5,False,0.118,0.12,5904.29,5920.483,7.384,7.442,24316,24218,20.891272821998427,1.5018382352941178
decision_tree,CLA_16b,False,,5,True,0.408,0.416,20585.856,20735.375,7.317,7.432,72882,73078,50.1888879979997,3.2812500000000004
decision_tree,CLA_16b,True,,5,False,0.118,0.12,5904.29,5920.483,7.384,7.442,24316,24218,19.920989596001164,1.4246323529411764
decision_tree,CLA_16b,True,,5,True,0.408,0.416,20585.856,20735.375,7.317,7.432,72882,73078,50.07734074400287,3.3308823529411766
decision_tree,CLA_16b,False,,8,False,0.042,0.043,2066.226,2101.529,6.823,6.968,9586,9524,86.57306978899942,8.207720588235295
decision_tree,CLA_16b,False,,8,True,0.344,0.356,16776.971,17206.143,5.701,5.936,68683,68123,231.03413947800072,20.06066176470588
decision_tree,CLA_16b,True,,8,False,0.042,0.043,2066.226,2101.529,6.823,6.968,9586,9524,82.62597622100293,7.84375
decision_tree,CLA_16b,True,,8,True,0.344,0.356,16776.971,17206.143,5.701,5.936,68683,68123,226.0876271950001,19.83639705882353
decision_tree,CLA_16b,False,,10,False,0.022,0.023,1042.464,1071.488,6.208,6.488,18156,18229,286.25673288800317,25.669117647058822
decision_tree,CLA_16b,False,,10,True,0.29,0.309,14266.919,15168.605,4.511,4.91,67056,66559,799.4992784470014,59.95772058823529
decision_tree,CLA_16b,True,,10,False,0.022,0.023,1042.464,1071.488,6.208,6.488,18156,18229,271.2988022710015,25.191176470588236
decision_tree,CLA_16b,True,,10,True,0.29,0.309,14266.102,15168.749,4.51,4.909,67056,66559,786.9082442930012,59.03860294117648
decision_tree,Mul_16b,False,,3,False,72.908,69.279,1933317102.895,1929031064.459,14.734,14.942,4275213380,4274217624,2.1482314719978604,0.022110660115359965
decision_tree,Mul_16b,False,,3,True,53.03,59.655,1749615100.419,1823726987.54,13.788,14.231,4286544070,4248874724,1.966026280002552,0.06654560991241187
decision_tree,Mul_16b,True,,3,False,72.908,69.279,1933317102.895,1929031064.459,14.734,14.942,4275213380,4274217624,2.0891873670007044,0.02275154881435591
decision_tree,Mul_16b,True,,3,True,53.03,59.655,1749615100.419,1823726987.54,13.788,14.231,4286544070,4248874724,2.3545027800028038,0.06697286904507584
decision_tree,Mul_16b,False,,5,False,45.778,36.357,1922975775.967,2015804621.221,14.043,14.546,4289689744,4289101344,2.770765159999428,0.16534928434095278
decision_tree,Mul_16b,False,,5,True,34.368,43.834,1409712472.521,1531679270.856,12.338,13.255,3929338560,3813143088,4.663907238002139,0.3059175389873959
decision_tree,Mul_16b,True,,5,False,45.778,36.357,1922975775.967,2015804621.221,14.043,14.546,4289689744,4289101344,3.493416803998116,0.1531723990600299
decision_tree,Mul_16b,True,,5,True,34.368,43.834,1409712472.884,1531679271.329,12.338,13.254,3929338560,3813143088,5.414447399001801,0.3015381328775903
decision_tree,Mul_16b,False,,8,False,43.371,60.774,1493143253.361,1743289075.565,12.43,14.021,4292004480,4290799080,17.225678965001862,1.338068788720359
decision_tree,Mul_16b,False,,8,True,25.144,24.562,960795605.533,1220553495.116,9.646,12.146,3806857664,3817782688,30.2051378799988,2.062807092501602
decision_tree,Mul_16b,True,,8,False,43.371,60.774,1493143253.361,1743289075.565,12.43,14.021,4292004480,4290799080,21.61579359800089,1.3200170903653066
decision_tree,Mul_16b,True,,8,True,25.152,24.679,960715488.282,1224188551.659,9.646,12.162,3808954816,3817782688,37.17954491099954,2.0499893185216833
decision_tree,Mul_16b,False,,10,False,22.183,34.56,1023468860.745,1475295039.255,10.46,13.637,4288672768,4292088496,101.83365770000091,4.904187139500107
decision_tree,Mul_16b,False,,10,True,7.267,30.474,604968096.645,1016721792.028,6.854,11.621,3758096928,3758467648,133.8590118539978,6.442426831873531
decision_tree,Mul_16b,True,,10,False,22.183,34.56,1023468860.745,1475295039.255,10.46,13.637,4288672768,4292088496,121.04143971499798,4.820017090365306
decision_tree,Mul_16b,True,,10,True,7.017,34.042,601933474.087,1018674667.978,6.851,11.642,3777412448,3758467648,164.33920840599967,6.397564622943816
decision_tree,BK_16b,False,,3,False,0.241,0.241,12411.388,12375.571,7.85,7.867,47634,47295,12.267247831998247,0.2743190661478599
decision_tree,BK_16b,False,,3,True,0.433,0.437,23552.592,23679.658,7.746,7.803,81220,80705,22.129339078001067,0.7140077821011673
decision_tree,BK_16b,True,,3,False,0.241,0.241,12411.388,12375.571,7.85,7.867,47634,47295,13.060244273001445,0.26848249027237353
decision_tree,BK_16b,True,,3,True,0.433,0.437,23552.592,23679.658,7.746,7.803,81220,80705,22.692478715998732,0.7023346303501945
decision_tree,BK_16b,False,,5,False,0.136,0.138,6326.068,6351.962,7.388,7.436,24128,23930,24.084530261003238,1.7101167315175099
decision_tree,BK_16b,False,,5,True,0.337,0.339,17423.872,17563.669,6.702,6.795,72840,71790,50.320357683998736,3.188715953307393
decision_tree,BK_16b,True,,5,False,0.136,0.138,6326.068,6351.962,7.388,7.436,24128,23930,23.361016945997108,1.6070038910505837
decision_tree,BK_16b,True,,5,True,0.337,0.339,17423.872,17563.669,6.702,6.795,72840,71790,51.47755798000071,3.171206225680934
decision_tree,BK_16b,False,,8,False,0.048,0.049,2211.231,2245.666,6.83,6.969,33382,33130,98.18513573000018,9.044747081712062
decision_tree,BK_16b,False,,8,True,0.274,0.281,14302.196,14741.085,5.121,5.335,68607,68632,214.3848603459992,19.04669260700389
decision_tree,BK_16b,True,,8,False,0.048,0.049,2211.231,2245.666,6.83,6.969,33382,33130,97.49832598399735,8.830739299610896
decision_tree,BK_16b,True,,8,True,0.274,0.281,14302.196,14741.085,5.121,5.335,68607,68632,217.91942164699867,18.848249027237355
decision_tree,BK_16b,False,,10,False,0.024,0.025,1184.574,1190.949,6.219,6.491,66064,65654,305.0506083450018,27.019455252918288
decision_tree,BK_16b,False,,10,True,0.236,0.252,12386.275,13119.038,4.063,4.416,66821,66164,857.3933494119992,56.737354085603116
decision_tree,BK_16b,True,,10,False,0.024,0.025,1184.574,1190.949,6.219,6.491,66064,65654,295.9686495880014,26.19455252918288
decision_tree,BK_16b,True,,10,True,0.237,0.251,12390.633,13118.928,4.063,4.415,66821,66164,817.4016503909988,56.340466926070036
decision_tree,CSkipA_16b,False,,3,False,0.237,0.24,13004.927,13086.492,7.844,7.875,47438,47107,11.910771742997895,0.3326848249027237
decision_tree,CSkipA_16b,False,,3,True,0.456,0.46,22564.019,22611.262,7.302,7.356,79314,78746,21.213704158999462,0.688715953307393
decision_tree,CSkipA_16b,True,,3,False,0.237,0.24,13004.927,13086.492,7.844,7.875,47438,47107,11.108038229998783,0.29571984435797666
decision_tree,CSkipA_16b,True,,3,True,0.456,0.46,22564.019,22611.262,7.302,7.356,79314,78746,21.78931015300259,0.6770428015564203
decision_tree,CSkipA_16b,False,,5,False,0.117,0.117,5750.7,5757.619,7.379,7.427,23846,23795,22.412937172997772,1.603112840466926
decision_tree,CSkipA_16b,False,,5,True,0.41,0.411,20423.705,20522.203,6.44,6.536,73016,72352,48.83394699200289,3.1011673151750974
decision_tree,CSkipA_16b,True,,5,False,0.117,0.117,5750.7,5757.619,7.379,7.427,23846,23795,21.681141024997487,1.5350194552529184
decision_tree,CSkipA_16b,True,,5,True,0.41,0.411,20423.705,20522.203,6.44,6.536,73016,72352,49.787821782996616,3.140077821011673
decision_tree,CSkipA_16b,False,,8,False,0.042,0.043,2023.885,2049.093,6.823,6.963,9684,9528,89.46899010299967,8.717898832684826
decision_tree,CSkipA_16b,False,,8,True,0.377,0.389,18013.586,18487.288,5.081,5.28,68646,68510,213.37074882800152,18.338521400778212
decision_tree,CSkipA_16b,True,,8,False,0.042,0.043,2023.885,2049.093,6.823,6.963,9684,9528,85.3608426130013,8.408560311284047
decision_tree,CSkipA_16b,True,,8,True,0.377,0.389,18013.586,18487.288,5.081,5.28,68646,68510,205.31832167099856,18.1284046692607
decision_tree,CSkipA_16b,False,,10,False,0.023,0.023,1079.816,1105.452,6.215,6.472,16834,16664,317.9941071320027,27.40077821011673
decision_tree,CSkipA_16b,False,,10,True,0.333,0.355,16090.139,17024.592,4.118,4.462,66824,66622,842.1439443700037,56.0
decision_tree,CSkipA_16b,True,,10,False,0.023,0.023,1079.816,1105.452,6.215,6.472,16834,16664,309.23281467000197,26.529182879377434
decision_tree,CSkipA_16b,True,,10,True,0.333,0.355,16089.257,17022.0,4.118,4.462,66824,66622,775.5274324570055,55.52723735408561
decision_tree,KS_16b,False,,3,False,0.254,0.252,11023.684,11103.292,7.842,7.878,44041,44114,10.262854487998993,0.21185185185185187
decision_tree,KS_16b,False,,3,True,0.484,0.483,23394.821,23466.316,7.805,7.863,80648,79848,17.15809620399523,0.5866666666666667
decision_tree,KS_16b,True,,3,False,0.254,0.252,11023.684,11103.292,7.842,7.878,44041,44114,10.307460366995656,0.20740740740740743
decision_tree,KS_16b,True,,3,True,0.484,0.483,23394.821,23466.316,7.805,7.863,80648,79848,17.547685363999335,0.5674074074074075
decision_tree,KS_16b,False,,5,False,0.126,0.126,6190.326,6233.192,7.379,7.434,24230,24306,17.821233706003113,1.171851851851852
decision_tree,KS_16b,False,,5,True,0.431,0.429,20343.325,20350.448,6.892,6.994,72641,72938,40.12519169100415,2.457777777777778
decision_tree,KS_16b,True,,5,False,0.126,0.126,6190.326,6233.192,7.379,7.434,24230,24306,17.68100525799673,1.205925925925926
decision_tree,KS_16b,True,,5,True,0.431,0.429,20343.325,20350.448,6.892,6.994,72641,72938,39.76495235200127,2.568888888888889
decision_tree,KS_16b,False,,8,False,0.043,0.043,2010.719,2041.999,6.804,6.973,7983,8053,67.4996918379984,6.392592592592593
decision_tree,KS_16b,False,,8,True,0.299,0.305,14889.341,15244.577,5.202,5.442,68859,68124,183.7453602290043,15.105185185185187
decision_tree,KS_16b,True,,8,False,0.043,0.043,2010.719,2041.999,6.804,6.973,7983,8053,66.57281183799932,6.306666666666667
decision_tree,KS_16b,True,,8,True,0.299,0.305,14889.23,15244.421,5.202,5.442,68859,68124,176.12866658200073,14.795555555555557
decision_tree,KS_16b,False,,10,False,0.023,0.024,1116.821,1154.855,6.182,6.486,34343,34341,257.29013655799645,20.88740740740741
decision_tree,KS_16b,False,,10,True,0.242,0.258,11924.576,12763.628,4.123,4.524,67232,67322,669.0003966919976,44.55259259259259
decision_tree,KS_16b,True,,10,False,0.023,0.024,1116.821,1154.855,6.182,6.486,34343,34341,244.1545408919992,20.26814814814815
decision_tree,KS_16b,True,,10,True,0.242,0.258,11920.052,12766.84,4.12,4.521,67232,67322,653.4125960210004,44.20740740740741
decision_tree,LFA_16b,False,,3,False,0.275,0.281,12017.555,12042.178,7.846,7.875,41153,40987,12.094351694999204,0.28404669260700394
decision_tree,LFA_16b,False,,3,True,0.505,0.51,22931.347,23039.327,8.018,8.077,80498,79028,22.600293709001562,0.6926070038910506
decision_tree,LFA_16b,True,,3,False,0.275,0.281,12017.555,12042.178,7.846,7.875,41153,40987,13.224111165000068,0.2704280155642023
decision_tree,LFA_16b,True,,3,True,0.505,0.51,22931.347,23039.327,8.018,8.077,80498,79028,23.107275438000215,0.6906614785992218
decision_tree,LFA_16b,False,,5,False,0.123,0.124,5730.971,5747.832,7.383,7.431,24325,24279,22.141502156999195,1.4785992217898833
decision_tree,LFA_16b,False,,5,True,0.468,0.474,22068.407,22297.11,7.363,7.472,72385,71682,54.1992609289955,3.3268482490272375
decision_tree,LFA_16b,True,,5,False,0.123,0.124,5730.971,5747.832,7.383,7.431,24325,24279,22.50078170600318,1.463035019455253
decision_tree,LFA_16b,True,,5,True,0.468,0.474,22068.407,22297.11,7.363,7.472,72385,71682,53.67374661600479,3.3015564202334633
decision_tree,LFA_16b,False,,8,False,0.045,0.046,2053.779,2069.913,6.828,6.961,8133,8162,100.10429339099937,8.928015564202335
decision_tree,LFA_16b,False,,8,True,0.413,0.428,19909.386,20358.948,5.942,6.181,68663,68642,267.4010442250001,21.490272373540858
decision_tree,LFA_16b,True,,8,False,0.045,0.046,2053.779,2069.913,6.828,6.961,8133,8162,92.95650325799943,8.628404669260702
decision_tree,LFA_16b,True,,8,True,0.413,0.428,19907.471,20356.498,5.942,6.181,68663,68642,265.18687044500257,21.256809338521403
decision_tree,LFA_16b,False,,10,False,0.024,0.024,1116.69,1129.348,6.223,6.49,33899,33968,327.8235152460038,27.268482490272376
decision_tree,LFA_16b,False,,10,True,0.362,0.388,17467.908,18411.85,4.841,5.25,67068,66512,985.314031326001,65.74513618677042
decision_tree,LFA_16b,True,,10,False,0.024,0.024,1116.69,1129.348,6.223,6.49,33899,33968,309.7123936959979,26.492217898832685
decision_tree,LFA_16b,True,,10,True,0.361,0.388,17465.798,18412.449,4.841,5.25,67068,66512,973.394332429998,64.9863813229572
decision_tree,WT_8b,False,,3,False,0.986,,16192.169,,6.132,,64768,,1.1071774679949158,0.011036468330134356
decision_tree,WT_8b,False,,3,True,0.484,,5448.31,,5.458,,32256,,2.374068459001137,0.1420345489443378
decision_tree,WT_8b,True,,3,False,0.986,,16192.169,,6.132,,64768,,1.2988761909946334,0.011036468330134356
decision_tree,WT_8b,True,,3,True,0.531,,7497.543,,5.42,,48640,,2.6889966369999456,0.16554702495201534
decision_tree,WT_8b,False,,5,False,0.888,,12827.777,,5.735,,64512,,1.7213785749991075,0.1036468330134357
decision_tree,WT_8b,False,,5,True,0.31,,3166.482,,4.384,,19648,,4.705872317004832,0.5527831094049904
decision_tree,WT_8b,True,,5,False,0.888,,12827.777,,5.735,,64512,,1.9511831569980131,0.1098848368522073
decision_tree,WT_8b,True,,5,True,0.302,,3013.443,,4.388,,23840,,4.983440700001665,0.5350287907869482
decision_tree,WT_8b,False,,8,False,0.498,,5487.585,,5.073,,61440,,8.743322853995778,1.4793666026871402
decision_tree,WT_8b,False,,8,True,0.169,,1536.983,,3.006,,13312,,17.594786800000293,2.8296545105566215
decision_tree,WT_8b,True,,8,False,0.498,,5487.585,,5.073,,61440,,9.645155783997325,1.4841650671785032
decision_tree,WT_8b,True,,8,True,0.168,,1518.527,,3.006,,13440,,17.878502174004097,2.6665067178502877
decision_tree,WT_8b,False,,10,False,0.274,,2900.146,,4.472,,57344,,30.86323820400139,5.218330134357006
decision_tree,WT_8b,False,,10,True,0.106,,999.884,,2.195,,33792,,54.40211953999824,7.729846449136277
decision_tree,WT_8b,True,,10,False,0.273,,2884.146,,4.472,,57344,,33.02258137600438,5.053742802303263
decision_tree,WT_8b,True,,10,True,0.105,,969.171,,2.218,,25088,,60.287813340000866,7.694817658349328
decision_tree,int2float,False,,3,False,0.179,,17.938,,2.955,,84,,0.36480903899791883,0.05193075898801598
decision_tree,int2float,False,,3,True,0.163,,11.806,,2.337,,150,,0.37987617700127885,0.08388814913448736
decision_tree,int2float,True,,3,False,0.179,,17.938,,2.955,,84,,0.5673011220060289,0.05193075898801598
decision_tree,int2float,True,,3,True,0.144,,9.95,,1.607,,140,,0.5878740070038475,0.08122503328894808
decision_tree,int2float,False,,5,False,0.13,,8.95,,1.446,,140,,0.4002926310058683,0.1864181091877497
decision_tree,int2float,False,,5,True,0.11,,7.026,,1.391,,120,,0.42373005999979796,0.3275632490013316
decision_tree,int2float,True,,5,False,0.13,,8.95,,1.446,,140,,0.658439835999161,0.1864181091877497
decision_tree,int2float,True,,5,True,0.104,,6.6,,1.024,,120,,0.6847844479998457,0.2609853528628496
decision_tree,int2float,False,,8,False,0.016,,1.542,,0.188,,140,,0.4868953139957739,0.5486018641810919
decision_tree,int2float,False,,8,True,0.01,,1.24,,0.208,,80,,0.5120559939969098,0.6857523302263648
decision_tree,int2float,True,,8,False,0.015,,1.424,,0.192,,110,,0.8092139229993336,0.5392809587217045
decision_tree,int2float,True,,8,True,0.01,,1.092,,0.166,,80,,0.8514477939970675,0.6604527296937417
decision_tree,int2float,False,,10,False,0.003,,0.246,,0.032,,80,,0.5514857059970382,0.7616511318242345
decision_tree,int2float,False,,10,True,0.001,,0.08,,0.014,,41,,0.591075563999766,0.9161118508655127
decision_tree,int2float,True,,10,False,0.003,,0.216,,0.032,,71,,0.9067453780007781,0.7603195739014648
decision_tree,int2float,True,,10,True,0.003,,0.343,,0.113,,40,,1.105140683001082,1.1291611185086552
decision_tree,RCA_4b,False,,3,False,0.326,,3.969,,1.875,,11,,0.34515959399868734,0.26865671641791045
decision_tree,RCA_4b,False,,3,True,0.588,,7.516,,1.875,,18,,0.3462018749996787,0.21641791044776118
decision_tree,RCA_4b,True,,3,False,0.326,,3.969,,1.875,,11,,0.5472722759950557,0.26119402985074625
decision_tree,RCA_4b,True,,3,True,0.608,,7.734,,2.125,,19,,0.5330590910016326,0.1044776119402985
decision_tree,RCA_4b,False,,5,False,0.157,,1.812,,1.438,,5,,0.3788980850004009,1.1567164179104479
decision_tree,RCA_4b,False,,5,True,0.332,,4.145,,1.25,,17,,0.4010680389983463,1.962686567164179
decision_tree,RCA_4b,True,,5,False,0.157,,1.812,,1.438,,5,,0.6265977759976522,1.2462686567164178
decision_tree,RCA_4b,True,,5,True,0.339,,4.516,,1.375,,17,,0.6211003639982664,0.9253731343283581
decision_tree,RCA_4b,False,,8,False,0.201,,2.5,,0.969,,16,,0.5287779990030685,5.514925373134328
decision_tree,RCA_4b,False,,8,True,0.077,,1.047,,0.141,,16,,0.48257997399923624,3.2985074626865667
decision_tree,RCA_4b,True,,8,False,0.201,,2.5,,0.969,,16,,0.9195631340044201,5.388059701492537
decision_tree,RCA_4b,True,,8,True,0.099,,1.531,,0.258,,16,,0.9169656099984422,4.522388059701492
decision_tree,RCA_4b,False,,10,False,0.0,,0.0,,0.0,,0,,0.6447199089961941,0.9850746268656716
decision_tree,RCA_4b,False,,10,True,0.0,,0.0,,0.0,,0,,0.5460678580056992,1.007462686567164
decision_tree,RCA_4b,True,,10,False,0.0,,0.0,,0.0,,0,,0.8883919920044718,0.9701492537313432
decision_tree,RCA_4b,True,,10,True,0.0,,0.0,,0.0,,0,,0.8339839859982021,0.9477611940298507
decision_tree,dec,False,,3,False,1.0,,1.4621507953634075e+37,,1.5,,1701411834604692317316873037158841057280,,0.2773557470063679,0.0
decision_tree,dec,False,,3,True,1.0,,1.4621507953634075e+37,,1.5,,1701411834604692317316873037158841057280,,0.38585907299420796,0.0
decision_tree,dec,True,,3,False,1.0,,1.4621507953634075e+37,,1.5,,1701411834604692317316873037158841057280,,0.3607407780000358,0.0
decision_tree,dec,True,,3,True,1.0,,1.4621507953634075e+37,,1.5,,1701411834604692317316873037158841057280,,0.4751170329982415,0.0
decision_tree,dec,False,,5,False,1.0,,1.4621507953634075e+37,,1.5,,1701411834604692317316873037158841057280,,0.28898134300106904,0.0
decision_tree,dec,False,,5,True,1.0,,1.4621507953634075e+37,,1.5,,1701411834604692317316873037158841057280,,0.387784302001819,0.0
decision_tree,dec,True,,5,False,1.0,,1.4621507953634075e+37,,1.5,,1701411834604692317316873037158841057280,,0.37918294799601426,0.0
decision_tree,dec,True,,5,True,1.0,,1.4621507953634075e+37,,1.5,,1701411834604692317316873037158841057280,,0.4765175829961663,0.0
decision_tree,dec,False,,8,False,0.0,,0.0,,0.0,,0,,1.4723482259942102,1.888976377952756
decision_tree,dec,False,,8,True,0.0,,0.0,,0.0,,0,,1.4234004079989973,1.9755905511811023
decision_tree,dec,True,,8,False,0.0,,0.0,,0.0,,0,,2.0548212610010523,1.2314960629921259
decision_tree,dec,True,,8,True,0.0,,0.0,,0.0,,0,,2.212267228998826,1.925984251968504
decision_tree,dec,False,,10,False,0.0,,0.0,,0.0,,0,,1.4887623469985556,1.888976377952756
decision_tree,dec,False,,10,True,0.0,,0.0,,0.0,,0,,1.4088805989958928,1.9645669291338583
decision_tree,dec,True,,10,False,0.0,,0.0,,0.0,,0,,2.0530809839983704,1.2330708661417322
decision_tree,dec,True,,10,True,0.0,,0.0,,0.0,,0,,2.2201532359977136,1.9385826771653545
decision_tree,DTree,False,,4,False,0.722,0.731,3.846,3.894,0.769,0.771,16,16,6.44343676599965,0.03013029315960912
decision_tree,DTree,False,,4,False,0.722,0.731,3.846,3.894,0.769,0.771,16,16,6.7522900350013515,0.03013029315960912
decision_tree,DTree,False,,4,True,1.007,1.006,3.729,3.751,0.754,0.756,23,23,13.546051490004174,0.037459283387622146
decision_tree,DTree,True,,4,False,0.722,0.731,3.846,3.894,0.769,0.771,16,16,6.604748696001479,0.0248371335504886
decision_tree,DTree,True,,4,True,1.007,1.006,3.729,3.751,0.754,0.756,23,23,13.212752801002352,0.03868078175895765
decision_tree,DTree,False,,6,False,0.647,0.659,2.927,2.971,0.637,0.64,16,16,7.425605999000254,0.11115635179153094
decision_tree,DTree,False,,6,True,0.835,0.827,2.887,2.916,0.613,0.618,27,26,17.15926761899027,0.11604234527687295
decision_tree,DTree,True,,6,False,0.647,0.659,2.927,2.971,0.637,0.64,16,16,8.450287275991286,0.10912052117263843
decision_tree,DTree,True,,6,True,0.835,0.827,2.887,2.916,0.613,0.618,27,26,17.550754912997945,0.11441368078175895
decision_tree,barshift_128b,False,,4,False,3.699,3.613,1.1313026817774164e+38,1.1468990820134688e+38,62.005,63.124,339984053079511198455399953327768756376,340091661632533679665145179835077042867,7.058446463008295,0.17076450249711872
decision_tree,barshift_128b,False,,4,True,4.096,4.543,1.0830873291916518e+38,1.1266067740704406e+38,59.618,63.17,339190661666154666757274843846626674498,335679602598588655197052523205346611184,27.76241872999526,0.6365731847867845
decision_tree,barshift_128b,True,,4,False,3.699,3.613,1.1313026817774164e+38,1.1468990820134688e+38,62.005,63.124,339984053079511198455399953327768756376,340091661632533679665145179835077042867,7.585450416998356,0.16605839416058393
decision_tree,barshift_128b,True,,4,True,4.096,4.543,1.0830873291916518e+38,1.1266067740704406e+38,59.618,63.17,339190661666154666757274843846626674498,335679602598588655197052523205346611184,29.799387245002436,0.652132155205532
decision_tree,barshift_128b,False,,6,False,3.228,3.333,1.1474498985713638e+38,1.1921396640434564e+38,60.28,63.017,339497339919124192353528261082821229600,335286920445376014513317813619782087524,21.38565277600719,0.9304648482520169
decision_tree,barshift_128b,False,,6,True,3.463,4.08,1.02298242289827e+38,1.1178015092784327e+38,55.725,63.146,334811472322505893323431659275362503180,331470207756791501696982860159808397475,85.87797211299767,2.569919323857088
decision_tree,barshift_128b,True,,6,False,3.228,3.333,1.1474498985713638e+38,1.1921396640434564e+38,60.28,63.017,339497339919124192353528261082821229600,335286920445376014513317813619782087524,23.253780586994253,0.9065501344602381
decision_tree,barshift_128b,True,,6,True,3.466,3.975,1.0226537665258676e+38,1.1163117400074188e+38,55.725,63.145,334811472322505893323431659275362503180,331470207756791501696982860159808397475,96.63580377100152,2.568574721475221
decision_tree,sobel,False,,4,False,0.51,0.51,42.029,42.373,1.957,1.981,253,253,1.5029866709955968,0.017607602012297375
decision_tree,sobel,False,,4,True,0.51,0.51,42.027,42.37,1.955,1.978,253,252,2.39292932600074,0.0164896590273896
decision_tree,sobel,True,,4,False,0.51,0.51,42.029,42.373,1.957,1.981,253,253,1.70853885600809,0.017887087758524316
decision_tree,sobel,True,,4,True,0.51,0.51,42.027,42.37,1.955,1.978,253,252,2.8087820720102172,0.0164896590273896
decision_tree,sobel,False,,6,False,0.51,0.51,42.01,42.366,1.938,1.974,253,253,2.0223500560096,0.07378423700391279
decision_tree,sobel,False,,6,True,0.51,0.51,42.009,42.373,1.937,1.981,253,252,3.458789786993293,0.07238680827277809
decision_tree,sobel,True,,6,False,0.51,0.51,42.01,42.366,1.938,1.974,253,253,2.3174689740117174,0.0751816657350475
decision_tree,sobel,True,,6,True,0.51,0.51,42.009,42.373,1.937,1.981,253,252,3.724099422994186,0.06903297931805477
decision_tree,BK_32b,False,,4,False,0.169,0.169,535244906.359,539099001.081,15.768,15.887,2130663147,2118323790,14.535265176004032,0.5014272121788772
decision_tree,BK_32b,False,,4,True,0.471,0.466,1503330004.117,1506635861.643,15.851,16.122,5236717673,5299967757,51.08676740399096,1.7354900095147479
decision_tree,BK_32b,True,,4,False,0.169,0.169,535244906.359,539099001.081,15.768,15.887,2130663147,2118323790,14.685887803003425,0.500475737392959
decision_tree,BK_32b,True,,4,True,0.471,0.466,1503330004.117,1506635861.643,15.851,16.122,5236717673,5299967757,50.88126186800946,1.7136060894386298
decision_tree,BK_32b,False,,6,False,0.082,0.082,266490228.805,268337025.146,15.231,15.442,1022268904,1009929547,37.61608880799031,2.3777354900095147
decision_tree,BK_32b,False,,6,True,0.451,0.456,1424336593.636,1447356110.791,15.073,15.588,4803296359,4753440040,120.27672750900092,6.722169362511893
decision_tree,BK_32b,True,,6,False,0.082,0.082,266490228.805,268337025.146,15.231,15.442,1022268904,1009929547,36.48225579698919,2.262607040913416
decision_tree,BK_32b,True,,6,True,0.451,0.456,1424336593.653,1447356110.795,15.073,15.587,4803296359,4753440040,121.96057686400309,6.731684110371075
decision_tree,KS_32b,False,,4,False,0.189,0.189,534141227.963,536029443.843,15.756,15.849,1995518033,1995321227,11.638287291993038,0.45148968678380447
decision_tree,KS_32b,False,,4,True,0.479,0.478,1495544629.158,1498116867.924,15.578,15.853,5290723781,5253419145,39.01279058799264,1.3284950343773874
decision_tree,KS_32b,True,,4,False,0.189,0.189,534141227.963,536029443.843,15.756,15.849,1995518033,1995321227,11.566276204990572,0.43009931245225363
decision_tree,KS_32b,True,,4,True,0.479,0.478,1495544629.158,1498116867.924,15.578,15.853,5290723781,5253419145,39.93981288000941,1.3300229182582124
decision_tree,KS_32b,False,,6,False,0.093,0.094,273541413.744,275237596.74,15.2,15.42,1058953517,1035604915,30.089084990002448,1.8953399541634837
decision_tree,KS_32b,False,,6,True,0.46,0.466,1430605082.97,1453352836.69,14.742,15.31,4793530475,4738921505,93.92905621600221,5.273491214667686
decision_tree,KS_32b,True,,6,False,0.093,0.094,273541413.744,275237596.74,15.2,15.42,1058953517,1035604915,29.864652638003463,1.8594346829640949
decision_tree,KS_32b,True,,6,True,0.46,0.466,1430605604.49,1453352400.895,14.742,15.31,4793530475,4738921505,96.02895083400654,5.2994652406417115
decision_tree,CLA_16b,False,,4,False,0.174,0.18,7885.487,7905.016,7.836,7.877,29718,29663,13.561175752998679,0.6231617647058822
decision_tree,CLA_16b,False,,4,True,0.421,0.42,21326.166,21315.049,7.724,7.805,80095,79387,31.85197135299677,1.6378676470588236
decision_tree,CLA_16b,True,,4,False,0.174,0.18,7885.487,7905.016,7.836,7.877,29718,29663,13.710656461000326,0.6305147058823529
decision_tree,CLA_16b,True,,4,True,0.421,0.42,21326.166,21315.049,7.724,7.805,80095,79387,31.84201254499203,1.625
decision_tree,CLA_16b,False,,6,False,0.081,0.084,4145.759,4180.624,7.363,7.438,16125,15905,30.99095449699962,2.424632352941176
decision_tree,CLA_16b,False,,6,True,0.387,0.391,19080.69,19267.018,6.842,6.987,72788,72489,78.10515133199806,6.071691176470588
decision_tree,CLA_16b,True,,6,False,0.081,0.084,4145.759,4180.624,7.363,7.438,16125,15905,29.646269553995808,2.2886029411764706
decision_tree,CLA_16b,True,,6,True,0.387,0.391,19080.69,19267.018,6.842,6.987,72788,72489,78.75940724799875,5.9025735294117645
decision_tree,BK_16b,False,,4,False,0.154,0.155,7873.588,7896.04,7.836,7.867,31159,30956,14.024240514001576,0.66147859922179
decision_tree,BK_16b,False,,4,True,0.369,0.371,19666.758,19730.011,7.245,7.318,80195,80092,33.36921887198696,1.6459143968871595
decision_tree,BK_16b,True,,4,False,0.154,0.155,7873.588,7896.04,7.836,7.867,31159,30956,13.298165600994253,0.6361867704280156
decision_tree,BK_16b,True,,4,True,0.369,0.371,19666.758,19730.011,7.245,7.318,80195,80092,33.35271158099931,1.6459143968871595
decision_tree,BK_16b,False,,6,False,0.092,0.093,4129.723,4147.692,7.365,7.437,15992,16092,34.95671610000136,2.684824902723735
decision_tree,BK_16b,False,,6,True,0.3,0.305,15745.067,15964.812,6.155,6.283,72958,71946,77.62140531399928,5.756809338521401
decision_tree,BK_16b,True,,6,False,0.092,0.093,4129.723,4147.692,7.365,7.437,15992,16092,33.8153030849935,2.568093385214008
decision_tree,BK_16b,True,,6,True,0.3,0.305,15745.067,15964.812,6.155,6.283,72958,71946,77.52388898099889,5.723735408560311
decision_tree,CSkipA_16b,False,,4,False,0.217,0.221,9532.775,9593.244,7.829,7.879,32098,31899,13.653268170994124,0.6731517509727627
decision_tree,CSkipA_16b,False,,4,True,0.487,0.492,23323.255,23381.991,7.001,7.079,81016,81122,32.18695739400573,1.6108949416342413
decision_tree,CSkipA_16b,True,,4,False,0.217,0.221,9532.775,9593.244,7.829,7.879,32098,31899,13.866148421991966,0.632295719844358
decision_tree,CSkipA_16b,True,,4,True,0.487,0.492,23323.255,23381.991,7.001,7.079,81016,81122,33.12530059200071,1.585603112840467
decision_tree,CSkipA_16b,False,,6,False,0.095,0.097,4153.851,4192.917,7.359,7.437,15643,15256,33.63011668800027,2.6420233463035023
decision_tree,CSkipA_16b,False,,6,True,0.411,0.419,19697.227,19914.134,6.003,6.129,72766,71968,75.80330399698869,5.739299610894942
decision_tree,CSkipA_16b,True,,6,False,0.095,0.097,4153.851,4192.917,7.359,7.437,15643,15256,33.21547697199276,2.603112840466926
decision_tree,CSkipA_16b,True,,6,True,0.411,0.419,19697.227,19914.134,6.003,6.129,72766,71968,75.38800174101198,5.737354085603114
decision_tree,KS_16b,False,,4,False,0.186,0.184,7817.307,7864.635,7.828,7.873,27591,27664,10.89725912900758,0.4503703703703704
decision_tree,KS_16b,False,,4,True,0.443,0.441,22081.088,22153.311,7.347,7.437,79128,79540,26.256736533992807,1.2814814814814817
decision_tree,KS_16b,True,,4,False,0.186,0.184,7817.307,7864.635,7.828,7.873,27591,27664,11.436100063001504,0.44148148148148153
decision_tree,KS_16b,True,,4,True,0.443,0.441,22081.088,22153.311,7.347,7.437,79128,79540,25.833686835001572,1.2651851851851852
decision_tree,KS_16b,False,,6,False,0.089,0.089,4490.556,4527.257,7.353,7.436,16212,16133,27.360948553003254,2.1096296296296297
decision_tree,KS_16b,False,,6,True,0.375,0.375,18754.189,18938.3,6.319,6.457,72876,72202,61.891372159996536,4.635555555555555
decision_tree,KS_16b,True,,6,False,0.089,0.089,4490.556,4527.257,7.353,7.436,16212,16133,26.613010311994003,1.9985185185185188
decision_tree,KS_16b,True,,6,True,0.375,0.375,18754.189,18938.3,6.319,6.457,72876,72202,63.566118064001785,4.53037037037037
decision_tree,LFA_16b,False,,4,False,0.226,0.231,9347.535,9370.97,7.835,7.878,31993,31499,13.717555531999096,0.585603112840467
decision_tree,LFA_16b,False,,4,True,0.488,0.495,22897.976,22950.91,7.774,7.852,81133,79902,35.07292133499868,1.764591439688716
decision_tree,LFA_16b,True,,4,False,0.226,0.231,9347.535,9370.97,7.835,7.878,31993,31499,13.413943027000641,0.5486381322957198
decision_tree,LFA_16b,True,,4,True,0.488,0.495,22897.976,22950.91,7.774,7.852,81133,79902,35.77706500700151,1.747081712062257
decision_tree,LFA_16b,False,,6,False,0.083,0.085,3753.001,3765.193,7.361,7.421,15855,15710,33.34553224001138,2.527237354085603
decision_tree,LFA_16b,False,,6,True,0.464,0.47,21918.483,22186.98,6.919,7.064,72766,71552,86.79403348399501,6.5583657587548645
decision_tree,LFA_16b,True,,6,False,0.083,0.085,3753.001,3765.193,7.361,7.421,15855,15710,32.89850886299973,2.5214007782101167
decision_tree,LFA_16b,True,,6,True,0.464,0.47,21918.483,22186.98,6.919,7.064,72766,71552,87.65191348700318,6.340466926070039
decision_tree,WT_8b,False,,4,False,0.966,,15284.729,,5.912,,64512,,1.3942892239865614,0.04462571976967371
decision_tree,WT_8b,False,,4,True,0.37,,3804.242,,4.848,,24160,,3.2895163819921436,0.29798464491362764
decision_tree,WT_8b,True,,4,False,0.966,,15284.729,,5.912,,64512,,1.5829136690008454,0.04702495201535509
decision_tree,WT_8b,True,,4,True,0.368,,3792.614,,4.844,,24224,,3.456012438007747,0.2946257197696737
decision_tree,WT_8b,False,,6,False,0.751,,9751.077,,5.515,,63488,,2.7576382539991755,0.3742802303262956
decision_tree,WT_8b,False,,6,True,0.263,,2589.96,,3.861,,19712,,6.978276513997116,0.9836852207293667
decision_tree,WT_8b,True,,6,False,0.751,,9751.077,,5.515,,63488,,3.092675103995134,0.3690019193857966
decision_tree,WT_8b,True,,6,True,0.253,,2519.458,,3.865,,19712,,7.630669338002917,0.9616122840690979
decision_tree,int2float,False,,4,False,0.178,,15.47,,2.855,,120,,0.3814896849944489,0.0918774966711052
decision_tree,int2float,False,,4,True,0.142,,11.248,,1.589,,120,,0.40351697101141326,0.170439414114514
decision_tree,int2float,True,,4,False,0.178,,15.47,,2.855,,120,,0.6471504079963779,0.08655126498002663
decision_tree,int2float,True,,4,True,0.139,,10.005,,1.183,,140,,0.6576427899999544,0.14513981358189082
decision_tree,int2float,False,,6,False,0.073,,4.58,,0.701,,80,,0.4263592399947811,0.2649800266311585
decision_tree,int2float,False,,6,True,0.064,,3.381,,0.501,,80,,0.4533961779961828,0.4194407456724368
decision_tree,int2float,True,,6,False,0.073,,4.58,,0.701,,80,,0.6939504330075579,0.2836218375499335
decision_tree,int2float,True,,6,True,0.063,,3.372,,0.457,,80,,0.7373307439993368,0.35818908122503335
decision_tree,RCA_4b,False,,4,False,0.569,,7.5,,1.875,,19,,0.34664395300205797,0.35074626865671643
decision_tree,RCA_4b,False,,4,True,0.548,,7.383,,1.812,,19,,0.3565546460013138,0.6194029850746268
decision_tree,RCA_4b,True,,4,False,0.569,,7.5,,1.875,,19,,0.5747516739938874,0.35074626865671643
decision_tree,RCA_4b,True,,4,True,0.371,,4.836,,1.375,,19,,0.6282362280035159,1.052238805970149
decision_tree,RCA_4b,False,,6,False,0.354,,4.5,,1.438,,17,,0.37263266400259454,0.7014925373134329
decision_tree,RCA_4b,False,,6,True,0.254,,3.352,,0.977,,17,,0.44879581600253005,3.604477611940298
decision_tree,RCA_4b,True,,6,False,0.354,,4.5,,1.438,,17,,0.6151726670068456,0.708955223880597
decision_tree,RCA_4b,True,,6,True,0.237,,3.227,,0.789,,17,,0.7493438819947187,2.7313432835820897
decision_tree,dec,False,,4,False,1.0,,1.4621507953634075e+37,,1.5,,1701411834604692317316873037158841057280,,0.27558343501004856,0.0
decision_tree,dec,False,,4,True,1.0,,1.4621507953634075e+37,,1.5,,1701411834604692317316873037158841057280,,0.3880662500014296,0.0
decision_tree,dec,True,,4,False,1.0,,1.4621507953634075e+37,,1.5,,1701411834604692317316873037158841057280,,0.36567937200015876,0.0
decision_tree,dec,True,,4,True,1.0,,1.4621507953634075e+37,,1.5,,1701411834604692317316873037158841057280,,0.4812230579991592,0.0
decision_tree,dec,False,,6,False,1.0,,1.4621507953634075e+37,,1.5,,1701411834604692317316873037158841057280,,0.3224101820087526,0.0
decision_tree,dec,False,,6,True,1.0,,1.4621507953634075e+37,,1.5,,1701411834604692317316873037158841057280,,0.39137282699812204,0.0
decision_tree,dec,True,,6,False,1.0,,1.4621507953634075e+37,,1.5,,1701411834604692317316873037158841057280,,0.4144539330009138,0.0
decision_tree,dec,True,,6,True,1.0,,1.4621507953634075e+37,,1.5,,1701411834604692317316873037158841057280,,0.4860529220022727,0.0
