method,circuit,resynthesis,error,max_depth,one_tree_per_output,mred,v_mred,med,v_med,hd,v_hd,wce,v_wce,time,area
decision_tree,voter,False,,3,False,0.124,0.327,0.248,0.582,0.248,0.582,1,1,3.40850340100042,0.000497636227917392
decision_tree,voter,False,,3,True,0.124,0.327,0.248,0.582,0.248,0.582,1,1,3.45523481000055,0.000497636227917392
decision_tree,voter,True,,3,False,0.124,0.327,0.248,0.582,0.248,0.582,1,1,3.66030162800053,0.000525282685023914
decision_tree,voter,True,,3,True,0.124,0.327,0.248,0.582,0.248,0.582,1,1,3.65577233499971,0.000525282685023914
decision_tree,voter,False,,5,False,0.018,0.291,0.046,0.636,0.046,0.636,1,1,3.44114793300014,0.00331757485278262
decision_tree,voter,False,,5,True,0.018,0.218,0.046,0.491,0.046,0.491,1,1,2.27355899000031,0.00331757485278262
decision_tree,voter,True,,5,False,0.023,0.309,0.046,0.545,0.046,0.545,1,1,3.74755787699996,0.00337286776699566
decision_tree,voter,True,,5,True,0.014,0.273,0.041,0.564,0.041,0.564,1,1,3.61305416800042,0.00326228193856957
decision_tree,voter,False,,8,False,0,0.291,0,0.564,0,0.564,0,1,3.51858252699913,0.00422990793729784
decision_tree,voter,False,,8,True,0,0.255,0,0.545,0,0.545,0,1,3.0826627890001,0.00461695833678914
decision_tree,voter,True,,8,False,0,0.255,0,0.527,0,0.527,0,1,3.7560397820007,0.00486577645074784
decision_tree,voter,True,,8,True,0,0.255,0,0.564,0,0.564,0,1,3.74917127800018,0.00450637250836305
decision_tree,RForest,False,,3,False,1.269,2.359,5.901,7.078,0.831,0.99,16,16,3.11905101499997,0.00109409190371991
decision_tree,RForest,False,,3,True,1.62,2.583,5.446,6.223,0.826,0.971,16,16,3.03566365900042,0.000741159031552199
decision_tree,RForest,True,,3,False,1.269,2.359,5.901,7.078,0.831,0.99,16,16,3.28134117299942,0.00109409190371991
decision_tree,RForest,True,,3,True,1.62,2.583,5.446,6.223,0.826,0.971,16,16,3.37668216899965,0.000741159031552199
decision_tree,RForest,False,,5,False,0.859,2.637,3.751,7.864,0.617,1.136,16,16,3.18814631100031,0.00663513799675302
decision_tree,RForest,False,,5,True,0.971,2.599,3.215,7.544,0.441,1.447,19,24,3.29624355700071,0.0154937530881626
decision_tree,RForest,True,,5,False,0.859,2.637,3.751,7.864,0.617,1.136,16,16,3.51303072800056,0.00614103197571822
decision_tree,RForest,True,,5,True,0.923,2.617,3.23,7.65,0.438,1.398,19,24,3.64123786400069,0.0154231665137291
decision_tree,RForest,False,,8,False,0.021,3.135,0.119,7.427,0.029,1.534,16,15,2.82321338499969,0.0514929060492694
decision_tree,RForest,False,,8,True,0,3.229,0,8.262,0,1.476,0,24,3.26557813299951,0.037516764311428
decision_tree,RForest,True,,8,False,0.028,3.371,0.165,7.893,0.039,1.602,16,16,4.04146116399897,0.0504341074327663
decision_tree,RForest,True,,8,True,0,2.845,0,7.553,0,1.456,0,24,3.92564975499954,0.0371285381520435
decision_tree,DTree,False,,3,False,0.764,0.714,4.338,4.264,0.826,0.816,16,16,0.809540975000346,0.00855048859934854
decision_tree,DTree,False,,3,True,0.757,0.717,4.343,4.259,0.825,0.815,16,16,1.18880426299984,0.00855048859934854
decision_tree,DTree,True,,3,False,0.764,0.714,4.338,4.264,0.826,0.816,16,16,0.999908906998826,0.00855048859934854
decision_tree,DTree,True,,3,True,0.757,0.717,4.343,4.259,0.825,0.815,16,16,33.4106915190005,0.00855048859934854
decision_tree,DTree,False,,5,False,0.623,0.588,3.188,3.065,0.696,0.676,16,16,0.994531800999539,0.0578175895765472
decision_tree,DTree,False,,5,True,0.781,0.743,3.293,3.241,0.679,0.675,23,23,1.60937951999949,0.0618892508143323
decision_tree,DTree,True,,5,False,0.623,0.588,3.188,3.065,0.696,0.676,16,16,1.23394825200012,0.0574104234527687
decision_tree,DTree,True,,5,True,0.781,0.743,3.293,3.241,0.679,0.675,23,23,1.89335592499992,0.0639250814332248
decision_tree,DTree,False,,8,False,0.531,0.562,2.477,2.611,0.504,0.555,16,16,1.62510764099898,0.390472312703583
decision_tree,DTree,False,,8,True,0.649,0.719,2.133,2.407,0.444,0.51,26,24,2.605588815999,0.484527687296417
decision_tree,DTree,True,,8,False,0.531,0.562,2.477,2.611,0.504,0.555,16,16,2.0766047420002,0.39128664495114
decision_tree,DTree,True,,8,True,0.649,0.719,2.133,2.407,0.444,0.51,26,24,3.09863906399914,0.461726384364821
decision_tree,max_128b,False,,3,False,2.043,0.859,5.15565631447163E+038,4.86623367476082E+038,64.889,65.538,1.84042584124345E+039,1.81946624287921E+039,8.24282022099942,0.0550919694930462
decision_tree,max_128b,False,,3,True,1.818,0.707,3.79354121236094E+038,3.87945281635759E+038,59.361,60.276,3.19014577009055E+039,2.76562338247568E+039,4.82980177500031,0.195782862270076
decision_tree,max_128b,True,,3,False,2.043,0.859,5.15565631447163E+038,4.86623367476082E+038,64.889,65.538,1.84042584124345E+039,1.81946624287921E+039,8.61028557400096,0.048721399730821
decision_tree,max_128b,True,,3,True,1.818,0.707,3.79354121236094E+038,3.87945281635759E+038,59.361,60.276,3.19014577009055E+039,2.76562338247568E+039,5.59590285900049,0.197308209959623
decision_tree,max_128b,False,,5,False,1.426,0.714,3.45209182580437E+038,3.56402573703332E+038,64.132,65.112,1.61968343335138E+039,1.52212011219878E+039,3.05599772300047,0.396769851951548
decision_tree,max_128b,False,,5,True,1.03,0.391,1.98175143845289E+038,2.08208834355286E+038,49.98,52.969,1.47209384723931E+039,1.27206105462979E+039,9.01710247899973,0.728757290264693
decision_tree,max_128b,True,,5,False,1.426,0.714,3.45209182580437E+038,3.56402573703332E+038,64.132,65.112,1.61968343335138E+039,1.52212011219878E+039,4.30731152299995,0.38842530282638
decision_tree,max_128b,True,,5,True,1.025,0.393,1.98978408976608E+038,2.12995495782765E+038,49.911,52.969,1.47209384723931E+039,1.34096755744852E+039,11.5246522830003,0.723553162853298
decision_tree,max_128b,False,,8,False,1.294,0.621,2.73936595860172E+038,3.74579772353936E+038,60.42,64.653,1.56434908920707E+039,1.62732952582622E+039,33.4160640050013,3.74921489457156
decision_tree,max_128b,False,,8,True,0.113,0.318,1.80619058900866E+037,2.004943617811E+038,10.442,59.673,8.50705917302346E+038,1.27555262664457E+039,89.6309467970004,6.94284432480933
decision_tree,max_128b,True,,8,False,1.294,0.616,2.73936595860172E+038,3.76861702827251E+038,60.42,64.796,1.56434908920707E+039,1.64749985440366E+039,56.1624599339993,3.65634813817856
decision_tree,max_128b,True,,8,True,0.125,0.287,1.76116003596471E+037,2.15234881505377E+038,10.401,59.128,8.51540741281633E+038,1.2693904253271E+039,128.241722318999,6.91763122476447
decision_tree,adder_128b,False,,3,False,9.1,3.156,6.57994049638179E+038,7.00959541169315E+038,65.135,65.379,2.91606054939739E+039,2.9107983232808E+039,23.709830197,0.123769338959212
decision_tree,adder_128b,False,,3,True,3.724,6.488,1.05910480941408E+039,1.18117862956304E+039,64.983,65.537,3.27481251897761E+039,3.31312390406443E+039,6.85765648800043,0.627754336615096
decision_tree,adder_128b,True,,3,False,9.1,3.156,6.57994049638179E+038,7.00959541169315E+038,65.135,65.379,2.91606054939739E+039,2.9107983232808E+039,22.5497685379996,0.146038443506798
decision_tree,adder_128b,True,,3,True,3.724,6.488,1.05910480941408E+039,1.18117862956304E+039,64.975,65.558,3.27481251897761E+039,3.31312390406443E+039,7.70119564200104,0.632911392405063
decision_tree,adder_128b,False,,5,False,3.173,1.86,3.98316149039807E+038,4.63473685653456E+038,64.369,64.366,3.21383739761836E+039,3.1773331991622E+039,3.86960284000088,0.969995311767464
decision_tree,adder_128b,False,,5,True,6.79,6.186,9.59561128254714E+038,1.09753052196072E+039,63.958,65.273,3.28091839146374E+039,3.29517601400512E+039,17.2394596739996,3.32794186591655
decision_tree,adder_128b,True,,5,False,3.173,1.86,3.98316149039807E+038,4.63473685653456E+038,64.369,64.366,3.21383739761836E+039,3.1773331991622E+039,5.02980392899917,0.954055321143929
decision_tree,adder_128b,True,,5,True,6.789,6.186,9.5955817753565E+038,1.09745976604489E+039,63.929,65.248,3.28091839146374E+039,3.29517601440126E+039,21.8317621869992,3.25925925925926
decision_tree,adder_128b,False,,8,False,1.13,1.433,3.2275439257634E+038,4.03933752142662E+038,63.299,64.722,3.39288178272608E+039,3.3370773646718E+039,50.7631834120002,10.0808720112518
decision_tree,adder_128b,False,,8,True,3.617,5.062,6.28206718276267E+038,1.12534861866934E+039,54.141,65.238,3.18340369354803E+039,3.27713380488168E+039,184.134138234,24.9428035630567
decision_tree,adder_128b,True,,8,False,1.13,1.433,3.2275439257634E+038,4.03933752142662E+038,63.299,64.722,3.39288178272608E+039,3.3370773646718E+039,66.2780349389996,9.89498359118612
decision_tree,adder_128b,True,,8,True,3.664,5.011,6.30468303442123E+038,1.13240628612073E+039,54.189,65.387,3.18510924529298E+039,3.21788431215434E+039,251.595519646,24.9221753398969
decision_tree,barshift_128b,False,,3,False,3.753,4.203,1.08297683858594E+038,1.14256912451588E+038,60.39,63.874,3.05180461228209E+038,3.05066355545822E+038,10.4342843230006,0.0538801383019593
decision_tree,barshift_128b,False,,3,True,3.244,4.051,1.01465862791382E+038,1.11300085753607E+038,55.256,63.343,3.24829972867289E+038,3.25159726689973E+038,2.73309177100055,0.238186707645025
decision_tree,barshift_128b,True,,3,False,3.753,4.203,1.08297683858594E+038,1.14256912451588E+038,60.39,63.874,3.05180461228209E+038,3.05066355545822E+038,12.2411238900004,0.0538801383019593
decision_tree,barshift_128b,True,,3,True,3.244,4.051,1.01465862791382E+038,1.11300085753607E+038,55.256,63.343,3.24829972867289E+038,3.25159726689973E+038,3.5510424439999,0.239435266999616
decision_tree,barshift_128b,False,,5,False,3.271,3.817,1.04238443323062E+038,1.14142002110472E+038,56.813,63.924,3.36413365823227E+038,3.26343755720448E+038,2.83047044799969,0.422877449097196
decision_tree,barshift_128b,False,,5,True,2.395,3.913,8.90147262783456E+037,1.13131225768704E+038,46.583,63.579,3.24188663513605E+038,3.29086515009462E+038,8.83181238799989,1.26844026123703
decision_tree,barshift_128b,True,,5,False,3.271,3.817,1.04238443323062E+038,1.14142002110472E+038,56.813,63.924,3.36413365823227E+038,3.26343755720448E+038,4.07779349200064,0.411736457933154
decision_tree,barshift_128b,True,,5,True,2.412,3.888,8.91937264709071E+037,1.13039477796715E+038,46.577,63.566,3.24188663513605E+038,3.29086515009462E+038,13.1472461529993,1.27612370341913
decision_tree,barshift_128b,False,,8,False,2.34,2.974,8.8982351914224E+037,1.11981805104996E+038,43.86,64.436,3.31644509689796E+038,3.23218153817297E+038,41.3485753740006,4.1139070303496
decision_tree,barshift_128b,False,,8,True,0.636,3.041,4.21920697854593E+037,1.1142827893216E+038,17.979,63.642,2.9641843125978E+038,3.30979475613858E+038,144.407831156999,9.91874759892432
decision_tree,barshift_128b,True,,8,False,2.34,2.974,8.8982351914224E+037,1.12022341208951E+038,43.86,64.425,3.31644509689796E+038,3.23218153817297E+038,57.6087592570002,4.03745678063773
decision_tree,barshift_128b,True,,8,True,0.714,2.939,4.19485544445999E+037,1.13128672241985E+038,17.985,63.495,2.96421027408209E+038,3.30978825784469E+038,211.147658567001,9.87322320399539
decision_tree,div_64b,False,,3,False,0.989,3.334,7.73269016726632E+018,6.08540603196846E+018,,,5.1544676608105E+019,1.38866310489866E+019,20.952896177,0.00340316356388618
decision_tree,div_64b,False,,3,True,109.415,504.439,6.69776684479323E+020,1.85534881611398E+021,,,1.4210043061619E+021,1.31030819247432E+022,22.202194618,0.0124570628896145
decision_tree,div_64b,True,,3,False,0.99,3.334,7.73269016726632E+018,6.08540603196846E+018,,,5.14440405707776E+019,1.38866310489866E+019,22.465600699,0.00359399516559942
decision_tree,div_64b,True,,3,True,219.782,1172.012,1.45598802839335E+021,1.67029024690168E+021,,,1.41003785453415E+022,1.37152941143423E+022,23.164573736,0.0124464611339638
decision_tree,div_64b,False,,5,False,0.557,3.184,4.78034762469287E+018,8.40408222628353E+018,,,4.92524703527761E+019,4.92886944836487E+019,22.472834702,0.0219668377083245
decision_tree,div_64b,False,,5,True,81.571,451.799,5.70014157616343E+020,1.80158194012928E+021,,,1.42000000013742E+021,1.42964516317187E+022,23.0867146840001,0.0197192655103685
decision_tree,div_64b,True,,5,False,0.563,0.929,4.55762270186807E+018,2.12832723128211E+018,,,3.71422991041553E+019,6.09363664351923E+018,23.3601465060001,0.0208006445867436
decision_tree,div_64b,True,,5,True,169.791,1125.058,1.12045045018258E+021,1.58712969589633E+021,,,1.43003853051388E+022,1.2912951094661E+022,23.8172319619998,0.0200161146685891
decision_tree,div_64b,False,,8,False,0.081,3.99,1.6948731120245E+018,1.54427439681673E+019,,,4.92524703527761E+019,4.92886944836487E+019,23.501844657,0.0375726220262075
decision_tree,div_64b,False,,8,True,87.165,515.264,6.3105430282947E+020,1.8864732236859E+021,,,1.40122497909858E+021,1.33010522011355E+022,23.0975556779999,0.0201115304694457
decision_tree,div_64b,True,,8,False,0.277,4.023,2.41608909880959E+018,1.40045517550169E+019,,,4.45550888815278E+019,4.92886944836487E+019,25.0159621349999,0.0374241974470972
decision_tree,div_64b,True,,8,True,80.957,378.818,5.71634763641094E+020,7.25672242320388E+020,,,1.42E+021,1.43635958891662E+021,24.0751807450001,0.0200055129129384
decision_tree,sobel,False,,3,False,0.503,0.517,43.171,42.799,1.976,2.025,249,249,0.475665801000105,0.0092230296254891
decision_tree,sobel,False,,3,True,0.503,0.517,43.172,42.781,1.977,2.007,248,249,0.570416804000161,0.00503074343208496
decision_tree,sobel,True,,3,False,0.503,0.517,43.171,42.799,1.976,2.025,249,249,0.723800879000009,0.0100614868641699
decision_tree,sobel,True,,3,True,0.503,0.517,43.172,42.781,1.977,2.007,248,249,0.773241304000294,0.00531022917831191
decision_tree,sobel,False,,5,False,0.502,0.517,43.129,42.802,1.934,2.028,249,248,0.537331773000005,0.0352152040245948
decision_tree,sobel,False,,5,True,0.503,0.517,43.125,42.745,1.931,1.972,249,249,0.664422006999303,0.0391280044717719
decision_tree,sobel,True,,5,False,0.502,0.517,43.129,42.802,1.934,2.028,249,248,0.792984224000065,0.0332588038010062
decision_tree,sobel,True,,5,True,0.503,0.517,43.125,42.745,1.931,1.972,249,249,0.932678306000526,0.0394074902179989
decision_tree,sobel,False,,8,False,0.451,0.509,39.049,45.147,1.698,2.338,249,248,1.51867073799986,0.659306875349357
decision_tree,sobel,False,,8,True,0.333,0.485,33.367,51.118,1.494,2.593,240,244,2.65798908399938,1.27641140301845
decision_tree,sobel,True,,8,False,0.451,0.509,39.049,45.147,1.698,2.338,249,248,2.31212331699953,0.648686416992733
decision_tree,sobel,True,,8,True,0.332,0.488,33.19,51.932,1.495,2.599,241,244,4.13389565000034,1.27221911682504
decision_tree,square_64b,False,,3,False,0.396,0.349,2.08575488475717E+037,1.70446368573153E+037,47.275,58.957,1.39212667289266E+038,6.78426854644207E+037,12.5581312410004,0.0074990899162723
decision_tree,square_64b,False,,3,True,0.663,0.797,1.46380092694463E+037,1.74139419947417E+037,32.67,60.522,5.59981138282941E+037,4.40002367573286E+037,12.4235770639998,0.0340880961048416
decision_tree,square_64b,True,,3,False,0.396,0.349,2.08575488475717E+037,1.70446368573153E+037,47.275,58.957,1.39212667289266E+038,6.78426854644207E+037,12.8579613729999,0.00811066618128868
decision_tree,square_64b,True,,3,True,0.663,0.796,1.46373405763556E+037,1.74102964520767E+037,32.824,60.348,5.60188830157283E+037,4.40001961925094E+037,13.2527206840005,0.0342773935202039
decision_tree,square_64b,False,,5,False,0.422,0.512,1.62579010449807E+037,1.59292291734171E+037,33.637,60.043,1.27773706790755E+038,6.50777166576362E+037,13.1852182459998,0.0593665817255187
decision_tree,square_64b,False,,5,True,0.383,0.777,1.21797695262145E+037,2.45707930679942E+037,15.879,62.826,4.71876337813606E+037,1.13854364897957E+038,14.612967651,0.123800509646888
decision_tree,square_64b,True,,5,False,0.428,1.133,1.62362445910997E+037,1.59268915114855E+037,33.637,59.348,1.27773706790755E+038,6.50777166576362E+037,14.475838798,0.0568765926465235
decision_tree,square_64b,True,,5,True,0.355,0.521,1.28863590978212E+037,1.91823694770849E+037,15.637,62.739,4.51937417105282E+037,1.09684436389313E+038,16.6049316950002,0.123349108117947
decision_tree,square_64b,False,,8,False,0.11,0.538,3.33700509160337E+036,1.65571540158818E+037,11.835,59.174,4.75752100334261E+037,4.79568342286539E+037,17.6264326949995,0.198805970149254
decision_tree,square_64b,False,,8,True,0.289,1.708,1.18762189420925E+037,2.04842079617991E+037,11.934,62.435,5.58326034042788E+037,1.34717232074572E+038,14.2486326549997,0.149894430287586
decision_tree,square_64b,True,,8,False,0.055,1.33,3.75995374197776E+036,1.70035665834613E+037,10.407,60.478,5.99369377149562E+037,4.79568342286539E+037,21.6944791510005,0.192384419366582
decision_tree,square_64b,True,,8,True,0.243,2.106,1.04233364570456E+037,2.21276096207543E+037,11.813,62.217,4.51937524855583E+037,1.403664535965E+038,18.2639125280002,0.149530396796505
decision_tree,BK_32b,False,,3,False,0.266,0.262,841495101.482,830634989.347,15.647,15.88,2904221181,2810316937,2.77852109500054,0.237868696479543
decision_tree,BK_32b,False,,3,True,0.478,0.48,1513963960.281,1528074740.09,15.502,16.134,5170124753,5023469533,3.06378982800015,0.686964795432921
decision_tree,BK_32b,True,,3,False,0.266,0.262,841495101.482,830634989.347,15.647,15.88,2904221181,2810316937,3.02098931899945,0.237868696479543
decision_tree,BK_32b,True,,3,True,0.478,0.48,1513963960.281,1528074740.09,15.502,16.134,5170124753,5023469533,3.47690483299994,0.666032350142721
decision_tree,BK_32b,False,,5,False,0.121,0.119,365235392.176,371036740.759,14.969,15.457,1435697187,1383979551,2.71818153000004,1.28163653663178
decision_tree,BK_32b,False,,5,True,0.426,0.444,1360039290.456,1411704560.975,14.401,15.534,4680624796,4567425995,7.41463018899958,3.31208372978116
decision_tree,BK_32b,True,,5,False,0.121,0.119,365235392.176,371036740.759,14.969,15.457,1435697187,1383979551,3.21801783200044,1.23120837297812
decision_tree,BK_32b,True,,5,True,0.426,0.444,1360039290.456,1411704560.975,14.401,15.534,4680624796,4567425995,8.55809642999975,3.33967649857279
decision_tree,BK_32b,False,,8,False,0.043,0.046,136318857.108,144710485.675,13.663,14.973,2223340663,2182356513,12.9304947810006,8.09324452901998
decision_tree,BK_32b,False,,8,True,0.384,0.44,1203293286.125,1401752232.574,11.505,14.616,4434280342,4366551905,58.3853007520002,24.2863939105614
decision_tree,BK_32b,True,,8,False,0.043,0.046,136318857.108,144710485.675,13.663,14.973,2223340663,2182356513,14.9083527399998,7.97431018078021
decision_tree,BK_32b,True,,8,True,0.384,0.44,1203184534.016,1401715802.983,11.504,14.615,4434280342,4365503329,68.7486570430001,24.2711703139867
decision_tree,fwrdk2j,False,,3,False,2496259.47,335894.95,4.62671931974164E+018,4.69933858042761E+018,24.692,24.75,2.14817368312209E+019,2.14814644511078E+019,6.27774282399969,0.00672405159875057
decision_tree,fwrdk2j,False,,3,True,22949936.243,13119639.51,4.29623185099784E+018,4.69932449433938E+018,22.315,26.531,2.14840001696665E+019,2.14788465746072E+019,6.32566263300032,0.0208159469706002
decision_tree,fwrdk2j,True,,3,False,2496259.47,335894.95,4.62671931974164E+018,4.69933858042761E+018,24.692,24.75,2.14817368312209E+019,2.14814644511078E+019,6.43129241600036,0.0062471685066406
decision_tree,fwrdk2j,True,,3,True,22950711.469,13119639.663,4.29626012439656E+018,4.69932617050095E+018,22.385,26.062,2.14839976096665E+019,2.14788465746072E+019,6.49884365399976,0.0203152197238847
decision_tree,fwrdk2j,False,,5,False,8503.916,17112640.023,3.80045592828891E+018,7.38420830668738E+018,22.762,27.906,2.14819515951564E+019,2.14798390196365E+019,6.61003196100046,0.0454231145234746
decision_tree,fwrdk2j,False,,5,True,1169.55,39816226.423,6.61142900839574E+017,6.0419197777187E+018,11.915,26.031,2.14820128096664E+019,2.14818184600006E+019,7.03969185499955,0.0903455018002337
decision_tree,fwrdk2j,True,,5,False,8255.06,17112641.41,3.80045401621015E+018,7.38425154949988E+018,22.708,27.906,2.14819515951564E+019,2.14798390196365E+019,7.21462103999966,0.0452085171320251
decision_tree,fwrdk2j,True,,5,True,1092.59,32082.853,3.30805344206129E+017,4.02871973447933E+018,11.838,25,2.14820128096664E+019,2.14842046700006E+019,7.68380017900017,0.0907508524285271
decision_tree,fwrdk2j,False,,8,False,0.024,13120437.256,49563789157015.1,8.05492313555353E+018,1.046,26.031,2148139076136724,2.14817367915265E+019,8.81313658599993,0.193256873077565
decision_tree,fwrdk2j,False,,8,True,0,32438.389,0,6.04155247047689E+018,0,26.594,0,2.14843682000006E+019,7.41087940399939,0.120365292448556
decision_tree,fwrdk2j,True,,8,False,0.024,13098286.955,49563789157015.1,5.37064134390355E+018,1.046,25.531,2148139076136724,2.14817367915265E+019,11.0005591529998,0.187796561672906
decision_tree,fwrdk2j,True,,8,True,0,12810650.882,0,6.7130294626597E+018,0,26.5,0,2.14826038896366E+019,8.88441247500032,0.120818331386061
decision_tree,KS_32b,False,,3,False,0.229,0.234,781319667.099,793123496.272,15.586,15.944,2889183094,2808198035,1.6848875529995,0.201680672268908
decision_tree,KS_32b,False,,3,True,0.463,0.491,1456729233.971,1491697781.988,15.302,15.945,4974765800,5141894620,2.57951994199993,0.538579067990833
decision_tree,KS_32b,True,,3,False,0.229,0.234,781319667.099,793123496.272,15.586,15.944,2889183094,2808198035,1.99337823400037,0.204736440030558
decision_tree,KS_32b,True,,3,True,0.463,0.491,1456729233.971,1491697781.988,15.302,15.945,4974765800,5141894620,2.97102903500036,0.533995416348358
decision_tree,KS_32b,False,,5,False,0.118,0.125,352648344.553,353605751.723,14.884,15.515,1476466971,1447500964,2.36511129500013,1.06875477463713
decision_tree,KS_32b,False,,5,True,0.434,0.477,1365315248.787,1446268815.072,14.148,15.456,4715478692,4631022555,5.97721395799999,2.67532467532468
decision_tree,KS_32b,True,,5,False,0.118,0.125,352648344.553,353605751.723,14.884,15.515,1476466971,1447500964,2.90860409000015,1.05653170359053
decision_tree,KS_32b,True,,5,True,0.434,0.477,1365316095.007,1446272643.515,14.145,15.459,4715478692,4631022555,7.30380652099939,2.64782276546982
decision_tree,KS_32b,False,,8,False,0.05,0.054,168117563.834,179002253.76,13.49,14.984,4293410712,4133379057,13.5010102489996,7.45760122230711
decision_tree,KS_32b,False,,8,True,0.364,0.457,1154356535.517,1379966341.078,11.085,14.484,4513938934,4367559289,50.4953147840006,19.1993888464477
decision_tree,KS_32b,True,,8,False,0.05,0.054,168117563.834,179002253.76,13.49,14.984,4293410712,4133379057,15.28678356,7.26508785332315
decision_tree,KS_32b,True,,8,True,0.364,0.457,1154390851.358,1379911523.81,11.087,14.472,4513938934,4367559289,57.6385460279998,19.2024446142093
decision_tree,Mul_32b,False,,3,False,5.608,8.989,6.2310127016799E+018,7.80295971101987E+018,,,1.82953274012609E+019,1.83740938601379E+019,4.3930480580002,0.00927537738055029
decision_tree,Mul_32b,False,,3,True,7.897,33.146,5.3635085747391E+018,9.58469514682877E+018,,,1.79751283542749E+019,1.83349064339556E+019,4.52644433600017,0.0286315570682533
decision_tree,Mul_32b,True,,3,False,5.608,8.989,6.2310127016799E+018,7.80295971101987E+018,,,1.82953274012609E+019,1.83740938601379E+019,4.67032924299929,0.00878172984489075
decision_tree,Mul_32b,True,,3,True,7.368,37.41,5.39411374676506E+018,1.00027526263296E+019,,,1.77755428195226E+019,1.83349064339556E+019,4.96892729299998,0.0287354828652342
decision_tree,Mul_32b,False,,5,False,4.975,38.804,3.67957919710927E+018,9.34693551414998E+018,,,1.79775901605604E+019,1.82299125714359E+019,4.91770720900058,0.0611343500740471
decision_tree,Mul_32b,False,,5,True,3.222,43.997,2.45790552514312E+018,8.18010842803825E+018,,,1.67894903965132E+019,1.76720594112549E+019,5.77389470900016,0.146197614902959
decision_tree,Mul_32b,True,,5,False,4.975,38.821,3.67957919710927E+018,9.61732497210096E+018,,,1.79775901605604E+019,1.82299125714359E+019,5.66427167599977,0.0595754631193328
decision_tree,Mul_32b,True,,5,True,3.577,46.019,2.43543457260112E+018,8.95446207514859E+018,,,1.61769298615148E+019,1.79394534275967E+019,7.46100017200024,0.149081555769181
decision_tree,Mul_32b,False,,8,False,0.091,35.44,4.5304491304606E+017,8.82811144122042E+018,,,1.72952505005218E+019,1.83744413519773E+019,9.94612207800037,0.35781651900543
decision_tree,Mul_32b,False,,8,True,0,43.94,257.227,8.2710011642384E+018,,,1001,1.78065905275719E+019,7.48194876300022,0.271012497077087
decision_tree,Mul_32b,True,,8,False,0.09,26.968,4.49310721338712E+017,9.57596633563193E+018,,,1.72952505005218E+019,1.83744413519773E+019,14.3829000469996,0.352932006547325
decision_tree,Mul_32b,True,,8,True,0,44.233,257.227,8.19213336954536E+018,,,1001,1.76585282072538E+019,10.6571578479998,0.269765387513315
decision_tree,CLA_16b,False,,3,False,0.22,0.217,10804.464,10863.981,7.778,7.878,40590,40929,1.51687794600002,0.299632352941176
decision_tree,CLA_16b,False,,3,True,0.474,0.468,22570.985,22826.942,7.923,8.121,78362,77455,2.10361806699984,0.59375
decision_tree,CLA_16b,True,,3,False,0.22,0.217,10804.464,10863.981,7.778,7.878,40590,40929,1.79342370599989,0.286764705882353
decision_tree,CLA_16b,True,,3,True,0.474,0.468,22570.985,22826.942,7.923,8.121,78362,77455,2.39372310099952,0.595588235294118
decision_tree,CLA_16b,False,,5,False,0.119,0.117,5634.124,5688.02,7.266,7.457,23736,23161,2.53767950899965,1.53308823529412
decision_tree,CLA_16b,False,,5,True,0.455,0.468,21480.517,22153.047,7.459,7.836,70690,70536,4.38969251500021,3.19117647058824
decision_tree,CLA_16b,True,,5,False,0.119,0.117,5634.124,5688.02,7.266,7.457,23736,23161,2.76199270600046,1.41360294117647
decision_tree,CLA_16b,True,,5,True,0.455,0.468,21480.517,22153.047,7.459,7.836,70690,70536,5.80065041099988,3.25
decision_tree,CLA_16b,False,,8,False,0.047,0.047,2356.417,2399.955,6.506,7.01,67133,66432,10.8490775319997,8.61764705882353
decision_tree,CLA_16b,False,,8,True,0.398,0.429,19143.503,21018.65,6.119,7.124,68512,67234,29.8818559060001,22.9466911764706
decision_tree,CLA_16b,True,,8,False,0.047,0.047,2356.417,2399.955,6.506,7.01,67133,66432,11.0141200589997,8.36580882352941
decision_tree,CLA_16b,True,,8,True,0.398,0.428,19140.376,21006.303,6.119,7.127,68512,67234,35.5002343659999,22.7169117647059
decision_tree,Mul_16b,False,,3,False,31.605,16.85,1920402692.384,2092176170.749,14.224,14.884,4262925296,4263707288,0.766625799999929,0.0271309549241615
decision_tree,Mul_16b,False,,3,True,30.651,15.4,1724191711.226,1947644959.675,12.961,14.429,4278947856,4252140872,0.822643329999664,0.0659047212134159
decision_tree,Mul_16b,True,,3,False,31.605,16.85,1920402692.384,2092176170.749,14.224,14.884,4262925296,4263707288,1.03463724199992,0.0260628070925016
decision_tree,Mul_16b,True,,3,True,30.649,15.389,1722174446.567,1947747916.897,12.961,14.451,4278947856,4252140872,1.17831345499962,0.0659047212134159
decision_tree,Mul_16b,False,,5,False,31.611,12.085,1337042513.478,1644519922.985,12.549,14.074,4288605168,4282982844,1.12175263299923,0.152424695577868
decision_tree,Mul_16b,False,,5,True,13.657,10.826,852463695.139,1060670015.192,10.277,13.495,4189540672,4215021056,1.5672516450004,0.313821832941679
decision_tree,Mul_16b,True,,5,False,31.611,12.085,1337042513.478,1644519922.985,12.549,14.074,4288605168,4282982844,1.66510497599938,0.151890621662038
decision_tree,Mul_16b,True,,5,True,13.657,10.826,852463674.986,1060670015.192,10.277,13.51,4189540672,4215021056,2.33925672300029,0.307199316385388
decision_tree,Mul_16b,False,,8,False,8.921,7.597,719363108.28,1356886430.158,8.586,14.002,4284424320,4273716276,6.67249629499929,1.34479812005982
decision_tree,Mul_16b,False,,8,True,6.867,7.382,400545118.514,922372931.744,4.617,13.017,3895033344,4147046816,11.1113311409999,2.06494338816492
decision_tree,Mul_16b,True,,8,False,8.921,7.592,719593666.374,1357839116.803,8.587,13.966,4284424320,4273716276,9.75956390800002,1.30751976073489
decision_tree,Mul_16b,True,,8,True,5.021,6.986,409408532.536,908915598.522,4.609,12.909,3944488960,4087470336,17.1856301520002,2.06686605426191
decision_tree,BK_16b,False,,3,False,0.235,0.244,9692.859,9749.769,7.805,7.847,33780,32484,1.42727051800011,0.245136186770428
decision_tree,BK_16b,False,,3,True,0.451,0.468,22200.132,22309.651,7.919,8.123,76930,77549,2.2355326779998,0.690661478599222
decision_tree,BK_16b,True,,3,False,0.235,0.244,9692.859,9749.769,7.805,7.847,33780,32484,1.67166910299966,0.276264591439689
decision_tree,BK_16b,True,,3,True,0.451,0.468,22200.132,22309.651,7.919,8.123,76930,77549,2.39004104699961,0.688715953307393
decision_tree,BK_16b,False,,5,False,0.116,0.118,5663.231,5642.979,7.269,7.405,22525,21727,2.24980486799996,1.48054474708171
decision_tree,BK_16b,False,,5,True,0.441,0.455,21160.234,21718.672,7.166,7.533,71940,70437,5.48250085600012,3.5
decision_tree,BK_16b,True,,5,False,0.116,0.118,5663.231,5642.979,7.269,7.405,22525,21727,2.88282877599977,1.56420233463035
decision_tree,BK_16b,True,,5,True,0.441,0.455,21160.234,21718.672,7.166,7.533,71940,70437,6.14465573300004,3.57198443579767
decision_tree,BK_16b,False,,8,False,0.046,0.049,2272.758,2369.938,6.52,6.974,35856,34719,10.9449310700002,8.89105058365759
decision_tree,BK_16b,False,,8,True,0.357,0.394,17033.36,18544.261,5.406,6.224,68146,67288,28.5465999429998,21.4513618677043
decision_tree,BK_16b,True,,8,False,0.046,0.049,2272.758,2369.938,6.52,6.974,35856,34719,11.348199389,8.53891050583658
decision_tree,BK_16b,True,,8,True,0.357,0.393,17029.791,18564.17,5.406,6.223,68146,66580,31.4183108879997,21.34046692607
decision_tree,CSkipA_16b,False,,3,False,0.266,0.267,10631.165,10758.557,7.786,7.882,37749,37216,1.35999322899988,0.342412451361868
decision_tree,CSkipA_16b,False,,3,True,0.457,0.464,23049.817,23462.16,7.294,7.498,80124,80270,2.23942809299933,0.696498054474708
decision_tree,CSkipA_16b,True,,3,False,0.266,0.267,10631.165,10758.557,7.786,7.882,37749,37216,1.52700252799968,0.309338521400778
decision_tree,CSkipA_16b,True,,3,True,0.457,0.464,23049.817,23462.16,7.294,7.498,80124,80270,2.53276476099927,0.692607003891051
decision_tree,CSkipA_16b,False,,5,False,0.137,0.138,6339.762,6391.006,7.258,7.413,23034,22037,2.58750530399993,1.62256809338521
decision_tree,CSkipA_16b,False,,5,True,0.434,0.453,21265.615,22060.785,6.282,6.577,72008,71430,4.38491948299998,3.29182879377432
decision_tree,CSkipA_16b,True,,5,False,0.137,0.138,6339.762,6391.006,7.258,7.413,23034,22037,2.64446529300039,1.53307392996109
decision_tree,CSkipA_16b,True,,5,True,0.434,0.453,21265.615,22060.785,6.282,6.577,72008,71430,5.58273111800008,3.16731517509728
decision_tree,CSkipA_16b,False,,8,False,0.05,0.051,2430.727,2492.973,6.512,6.941,68379,68584,10.215726722,8.5875486381323
decision_tree,CSkipA_16b,False,,8,True,0.396,0.441,18722.236,20478.716,4.6,5.247,67576,67496,24.6032361889993,18.6498054474708
decision_tree,CSkipA_16b,True,,8,False,0.05,0.051,2430.727,2492.973,6.512,6.941,68379,68584,10.5253579569999,8.23735408560311
decision_tree,CSkipA_16b,True,,8,True,0.396,0.441,18719.059,20470.834,4.6,5.244,67576,67496,25.4222683110002,18.6206225680934
decision_tree,KS_16b,False,,3,False,0.222,0.224,11070.633,11009.394,7.776,7.874,43159,42839,1.14018562900128,0.231111111111111
decision_tree,KS_16b,False,,3,True,0.521,0.535,23757.851,24143.268,7.636,7.828,79767,79602,1.72978167099973,0.558518518518519
decision_tree,KS_16b,True,,3,False,0.222,0.224,11070.633,11009.394,7.776,7.874,43159,42839,1.25940070199977,0.235555555555556
decision_tree,KS_16b,True,,3,True,0.521,0.535,23757.851,24143.268,7.636,7.828,79767,79602,2.04008270799932,0.540740740740741
decision_tree,KS_16b,False,,5,False,0.128,0.131,5703.371,5852.018,7.245,7.46,23246,23535,2.23956502600049,1.23851851851852
decision_tree,KS_16b,False,,5,True,0.437,0.462,20727.493,21532.598,6.869,7.269,72516,70210,4.4021353470016,2.49185185185185
decision_tree,KS_16b,True,,5,False,0.128,0.131,5703.371,5852.018,7.245,7.46,23246,23535,2.55410601599942,1.2162962962963
decision_tree,KS_16b,True,,5,True,0.437,0.462,20727.493,21532.598,6.869,7.269,72516,70210,5.0612738639993,2.53185185185185
decision_tree,KS_16b,False,,8,False,0.049,0.052,2182.202,2289.198,6.473,6.981,19137,18131,9.36719895200076,6.86962962962963
decision_tree,KS_16b,False,,8,True,0.295,0.332,15161.284,16504.644,5.225,6.115,68668,67934,22.8131165100003,16.3437037037037
decision_tree,KS_16b,True,,8,False,0.049,0.052,2182.202,2289.198,6.473,6.981,19137,18131,10.2819737760001,6.67259259259259
decision_tree,KS_16b,True,,8,True,0.295,0.332,15157.225,16505.415,5.225,6.112,68668,67934,25.3862864129987,16.1851851851852
decision_tree,LFA_16b,False,,3,False,0.285,0.285,11911.785,11929.067,7.783,7.864,48133,48221,1.60399764400063,0.266536964980545
decision_tree,LFA_16b,False,,3,True,0.531,0.533,24246.618,24171.871,7.803,7.98,80215,80736,2.29802819799988,0.764591439688716
decision_tree,LFA_16b,True,,3,False,0.285,0.285,11911.785,11929.067,7.783,7.864,48133,48221,1.97721777100014,0.264591439688716
decision_tree,LFA_16b,True,,3,True,0.531,0.533,24246.618,24171.871,7.803,7.98,80215,80736,2.46831725700031,0.756809338521401
decision_tree,LFA_16b,False,,5,False,0.116,0.117,5497.538,5588.844,7.267,7.429,21391,21382,2.39691289499933,1.64785992217899
decision_tree,LFA_16b,False,,5,True,0.477,0.474,21540.368,22195.492,7.066,7.398,73477,70499,5.44430206800098,3.44552529182879
decision_tree,LFA_16b,True,,5,False,0.116,0.117,5497.538,5588.844,7.267,7.429,21391,21382,2.84399600100005,1.62451361867704
decision_tree,LFA_16b,True,,5,True,0.477,0.474,21540.368,22195.492,7.066,7.398,73477,70499,6.04851195599986,3.43579766536965
decision_tree,LFA_16b,False,,8,False,0.053,0.055,2298.108,2418.592,6.522,6.988,34800,34045,10.0637506499988,8.54280155642023
decision_tree,LFA_16b,False,,8,True,0.393,0.435,18960.861,20665.318,5.38,6.164,68159,67508,29.1746747959987,21.7354085603113
decision_tree,LFA_16b,True,,8,False,0.053,0.055,2298.108,2418.592,6.522,6.988,34800,34045,10.8522625559999,8.21789883268482
decision_tree,LFA_16b,True,,8,True,0.393,0.436,18958.584,20670.648,5.38,6.163,68159,67508,31.0512746429995,21.5505836575876
decision_tree,sin_24b,False,,3,False,1.876,10.84,12518417.517,15425242.64,10.189,11.98,33123222,31756611,1.10695023499829,0.010852407261247
decision_tree,sin_24b,False,,3,True,8.839,2.374,5290326.502,6849484.52,8.06,11.22,27254746,29100072,1.50253603999954,0.0251578531965272
decision_tree,sin_24b,True,,3,False,1.876,10.84,12518417.517,15425242.64,10.189,11.98,33123222,31756611,1.43032305199995,0.0098164956590371
decision_tree,sin_24b,True,,3,True,8.839,2.376,5287336.562,6859888.36,8.06,11.28,27258842,29100072,1.85237416400014,0.025404498816101
decision_tree,sin_24b,False,,5,False,2.273,1.601,7624833.184,10588298.3,7.493,12.06,30200465,30784239,1.68942014399909,0.0635359116022099
decision_tree,sin_24b,False,,5,True,0.273,2.235,1905684.721,5413195.04,4.353,11.14,27101695,27638423,1.54604856699916,0.110645224940805
decision_tree,sin_24b,True,,5,False,2.273,1.601,7624833.184,10588298.3,7.493,12.06,30200465,30784239,2.01089545399918,0.0618587213891081
decision_tree,sin_24b,True,,5,True,0.289,2.601,1906389.607,5519315.88,4.363,11.08,25182208,27638423,2.61605615500048,0.112026440410418
decision_tree,sin_24b,False,,8,False,0.089,9.434,946852.682,13090118.06,1.308,12.34,27820036,29051529,3.25094480500047,0.342837411207577
decision_tree,sin_24b,False,,8,True,0.004,1.216,51116.761,5089396.62,0.109,11.04,4194304,25517105,2.50481712799956,0.273234017363852
decision_tree,sin_24b,True,,8,False,0.083,9.209,927971.711,12480955.16,1.318,12.06,27820036,29051529,4.77680448700085,0.33602999210734
decision_tree,sin_24b,True,,8,True,0.001,2.585,27574.95,5477089.18,0.085,11,4194304,28165015,4.53640084200015,0.274269928966062
decision_tree,WT_8b,False,,3,False,0.986,,16192.169,,6.132,,64768,,1.16858597899954,0.0110364683301344
decision_tree,WT_8b,False,,3,True,0.561,,7697.274,,5.492,,40448,,2.35165835999942,0.15978886756238
decision_tree,WT_8b,True,,3,False,0.986,,16192.169,,6.132,,64768,,1.3721512079992,0.0110364683301344
decision_tree,WT_8b,True,,3,True,0.543,,7433.387,,5.405,,48704,,2.55514837199917,0.138675623800384
decision_tree,WT_8b,False,,5,False,0.888,,12827.777,,5.735,,64512,,1.75670404600169,0.103646833013436
decision_tree,WT_8b,False,,5,True,0.312,,3228.141,,4.399,,19680,,4.9894669360001,0.560460652591171
decision_tree,WT_8b,True,,5,False,0.888,,12827.777,,5.735,,64512,,1.74805236199973,0.109884836852207
decision_tree,WT_8b,True,,5,True,0.314,,3244.438,,4.358,,19968,,5.00328762200115,0.502879078694818
decision_tree,WT_8b,False,,8,False,0.498,,5487.585,,5.073,,61440,,9.02444021400152,1.49280230326296
decision_tree,WT_8b,False,,8,True,0.171,,1537.667,,3.014,,13136,,17.046198729,2.80182341650672
decision_tree,WT_8b,True,,8,False,0.498,,5487.585,,5.073,,61440,,9.01898302999871,1.45201535508637
decision_tree,WT_8b,True,,8,True,0.162,,1523.298,,3.028,,13312,,19.0394314929999,2.74568138195777
decision_tree,int2float,False,,3,False,0.179,,17.938,,2.955,,84,,0.376656802998696,0.051930758988016
decision_tree,int2float,False,,3,True,0.148,,10.262,,1.623,,140,,0.414371009001115,0.0745672436750999
decision_tree,int2float,True,,3,False,0.179,,17.938,,2.955,,84,,0.567060094001135,0.051930758988016
decision_tree,int2float,True,,3,True,0.144,,9.95,,1.607,,140,,0.598726330001227,0.0812250332889481
decision_tree,int2float,False,,5,False,0.13,,8.95,,1.446,,140,,0.411608696998883,0.182423435419441
decision_tree,int2float,False,,5,True,0.113,,7.404,,1.423,,120,,0.428758584999741,0.279627163781625
decision_tree,int2float,True,,5,False,0.13,,8.95,,1.446,,140,,0.65424364700084,0.193075898801598
decision_tree,int2float,True,,5,True,0.109,,7.108,,1.325,,120,,0.705276664999474,0.276964047936085
decision_tree,int2float,False,,8,False,0.014,,1.268,,0.191,,82,,0.491608970000016,0.540612516644474
decision_tree,int2float,False,,8,True,0.008,,0.937,,0.147,,80,,0.528954469000382,0.676431424766977
decision_tree,int2float,True,,8,False,0.015,,1.502,,0.188,,130,,0.814699737999035,0.535286284953396
decision_tree,int2float,True,,8,True,0.017,,1.992,,0.536,,90,,0.919269366999288,0.817576564580559
decision_tree,RCA_4b,False,,3,False,0.326,,3.969,,1.875,,11,,0.345647984000607,0.238805970149254
decision_tree,RCA_4b,False,,3,True,0.5,,6.621,,1.875,,18,,0.349029503999191,0.335820895522388
decision_tree,RCA_4b,True,,3,False,0.326,,3.969,,1.875,,11,,0.540742282999418,0.238805970149254
decision_tree,RCA_4b,True,,3,True,0.608,,7.734,,2.125,,19,,0.534390921999147,0.104477611940299
decision_tree,RCA_4b,False,,5,False,0.157,,1.812,,1.438,,5,,0.381434240998715,1.02985074626866
decision_tree,RCA_4b,False,,5,True,0.361,,4.898,,1.344,,17,,0.385033059999842,1.47014925373134
decision_tree,RCA_4b,True,,5,False,0.157,,1.812,,1.438,,5,,0.57067581299998,1.08955223880597
decision_tree,RCA_4b,True,,5,True,0.48,,6.07,,1.578,,17,,0.623716948999572,1.27611940298507
decision_tree,RCA_4b,False,,8,False,0.201,,2.5,,0.969,,16,,0.510698123998736,5.42537313432836
decision_tree,RCA_4b,False,,8,True,0.106,,1.43,,0.281,,16,,0.571659535999061,5.61940298507463
decision_tree,RCA_4b,True,,8,False,0.201,,2.5,,0.969,,16,,0.937808934000714,5.54477611940299
decision_tree,RCA_4b,True,,8,True,0.081,,1.141,,0.234,,16,,0.816561401999934,4
decision_tree,dec,False,,3,False,1,,1.46215079536341E+037,,1.5,,1.70141183460469E+039,,0.26869382500081,0
decision_tree,dec,False,,3,True,1,,1.46215079536341E+037,,1.5,,1.70141183460469E+039,,0.388123151999025,0
decision_tree,dec,True,,3,False,1,,1.46215079536341E+037,,1.5,,1.70141183460469E+039,,0.36031438200007,0
decision_tree,dec,True,,3,True,1,,1.46215079536341E+037,,1.5,,1.70141183460469E+039,,0.479770581001503,0
decision_tree,dec,False,,5,False,1,,1.46215079536341E+037,,1.5,,1.70141183460469E+039,,0.291549966001185,0
decision_tree,dec,False,,5,True,1,,1.46215079536341E+037,,1.5,,1.70141183460469E+039,,0.362612353001168,0
decision_tree,dec,True,,5,False,1,,1.46215079536341E+037,,1.5,,1.70141183460469E+039,,0.363594526999805,0
decision_tree,dec,True,,5,True,1,,1.46215079536341E+037,,1.5,,1.70141183460469E+039,,0.411182828000165,0
decision_tree,dec,False,,8,False,0,,0,,0,,0,,1.33419319400127,1.88897637795276
decision_tree,dec,False,,8,True,0,,0,,0,,0,,1.3400818279988,1.9251968503937
decision_tree,dec,True,,8,False,0,,0,,0,,0,,1.83394481600044,1.25511811023622
decision_tree,dec,True,,8,True,0,,0,,0,,0,,2.0874791990027,1.93070866141732
